{
"type": "FeatureCollection",
"name": "sikkim_landslide_binary_samples_v2",
"crs": { "type": "name", "properties": { "name": "urn:ogc:def:crs:OGC:1.3:CRS84" } },
"features": [
{ "type": "Feature", "properties": { "Name": "Debris flow", "Aspect": 122.18128798, "Curvature": -30766613.556000002, "Slope": 39.287769740999998, "Elevation": 1268.5740831000001, "Geology": "LHS Daling", "Extent": "Gangtok basin", "landslide": 1 }, "geometry": { "type": "Point", "coordinates": [ 88.570538342581543, 27.280734385395377, 0.0 ] } },
{ "type": "Feature", "properties": { "Name": "Debris flow", "Aspect": 229.92302619, "Curvature": -71851756.889, "Slope": 30.884160572, "Elevation": 1967.7129313, "Geology": "LHS Daling", "Extent": "Gangtok basin", "landslide": 1 }, "geometry": { "type": "Point", "coordinates": [ 88.630938198206877, 27.255345231280735, 0.0 ] } },
{ "type": "Feature", "properties": { "Name": "Debris flow", "Aspect": 161.29719374000001, "Curvature": 35550114.222000003, "Slope": 29.478448656000001, "Elevation": 2048.8919406, "Geology": "LHS Daling", "Extent": "Gangtok basin", "landslide": 1 }, "geometry": { "type": "Point", "coordinates": [ 88.66735833333334, 27.308641666666659, 0.0 ] } },
{ "type": "Feature", "properties": { "Name": "Debris flow", "Aspect": 330.40676201999997, "Curvature": 155506752.0, "Slope": 44.812948015000003, "Elevation": 960.74382866999997, "Geology": "LHS Daling", "Extent": "Gangtok basin", "landslide": 1 }, "geometry": { "type": "Point", "coordinates": [ 88.590822222222215, 27.262886111111115, 0.0 ] } },
{ "type": "Feature", "properties": { "Name": "Debris flow", "Aspect": 85.423542447000003, "Curvature": 5733764.0884999996, "Slope": 29.063779619000002, "Elevation": 1387.90743, "Geology": "LHS Daling", "Extent": "Gangtok basin", "landslide": 1 }, "geometry": { "type": "Point", "coordinates": [ 88.623805163767756, 27.328093151351688, 0.0 ] } },
{ "type": "Feature", "properties": { "Name": "Debris flow", "Aspect": 169.09820048, "Curvature": 69309522.666999996, "Slope": 45.85354699, "Elevation": 1768.0617405, "Geology": "MCT zone", "Extent": "Gangtok basin", "landslide": 1 }, "geometry": { "type": "Point", "coordinates": [ 88.661258333333336, 27.35486944444445, 0.0 ] } },
{ "type": "Feature", "properties": { "Name": "Debris flow", "Aspect": 171.08817546, "Curvature": -70626457.722000003, "Slope": 43.408995734000001, "Elevation": 2040.2376573, "Geology": "MCT zone", "Extent": "Gangtok basin", "landslide": 1 }, "geometry": { "type": "Point", "coordinates": [ 88.662558333333337, 27.357991666666667, 0.0 ] } },
{ "type": "Feature", "properties": { "Name": "Debris flow", "Aspect": 176.82611254, "Curvature": 121028817.33, "Slope": 43.613314311000003, "Elevation": 1956.9753011, "Geology": "MCT zone", "Extent": "Gangtok basin", "landslide": 1 }, "geometry": { "type": "Point", "coordinates": [ 88.663894444444452, 27.357247222222217, 0.0 ] } },
{ "type": "Feature", "properties": { "Name": "Debris flow", "Aspect": 144.40456814000001, "Curvature": -108701724.21999998, "Slope": 46.212288751000003, "Elevation": 1615.1358236000001, "Geology": "MCT zone", "Extent": "Gangtok basin", "landslide": 1 }, "geometry": { "type": "Point", "coordinates": [ 88.658761111111119, 27.352625, 0.0 ] } },
{ "type": "Feature", "properties": { "Name": "Debris flow", "Aspect": 261.59880405000001, "Curvature": -18752487.111000001, "Slope": 33.49731085, "Elevation": 2585.0616590999998, "Geology": "GHS paro", "Extent": "Gangtok basin", "landslide": 1 }, "geometry": { "type": "Point", "coordinates": [ 88.693761111111115, 27.29975, 0.0 ] } },
{ "type": "Feature", "properties": { "Name": "Debris flow", "Aspect": 215.55509271, "Curvature": 195690694.22, "Slope": 25.217291832000001, "Elevation": 3324.0123155000001, "Geology": "GHS paro", "Extent": "Gangtok basin", "landslide": 1 }, "geometry": { "type": "Point", "coordinates": [ 88.683084274410248, 27.38047000212643, 0.0 ] } },
{ "type": "Feature", "properties": { "Name": "Debris flow", "Aspect": 181.30348036000001, "Curvature": 151673248.22, "Slope": 43.266841888000002, "Elevation": 913.63579644000004, "Geology": "Lingtse", "Extent": "Gangtok basin", "landslide": 1 }, "geometry": { "type": "Point", "coordinates": [ 88.557125, 27.266886111111113, 0.0 ] } },
{ "type": "Feature", "properties": { "Name": "Debris flow", "Aspect": 180.83039008, "Curvature": -39642329.582999997, "Slope": 42.543979221000001, "Elevation": 969.87653944, "Geology": "Lingtse", "Extent": "Gangtok basin", "landslide": 1 }, "geometry": { "type": "Point", "coordinates": [ 88.558611111111105, 27.267877777777777, 0.0 ] } },
{ "type": "Feature", "properties": { "Name": "Debris flow", "Aspect": 151.01867676000001, "Curvature": -22871114.625, "Slope": 41.04445733, "Elevation": 1619.6388889, "Geology": "Lingtse", "Extent": "Gangtok basin", "landslide": 1 }, "geometry": { "type": "Point", "coordinates": [ 88.548477777777777, 27.286286111111103, 0.0 ] } },
{ "type": "Feature", "properties": { "Name": "Debris flow", "Aspect": 98.072926839000004, "Curvature": 41548876.777999997, "Slope": 31.961149850999998, "Elevation": 1958.2592638000001, "Geology": "LHS Daling", "Extent": "East Sikkim", "landslide": 1 }, "geometry": { "type": "Point", "coordinates": [ 88.68219186467816, 27.252106834176931, 0.0 ] } },
{ "type": "Feature", "properties": { "Name": "Debris flow", "Aspect": 341.55588108000001, "Curvature": 80084028.527999997, "Slope": 40.383285522000001, "Elevation": 1080.8549262, "Geology": "LHS Daling", "Extent": "East Sikkim", "landslide": 1 }, "geometry": { "type": "Point", "coordinates": [ 88.643919132320534, 27.191745953434385, 0.0 ] } },
{ "type": "Feature", "properties": { "Name": "Debris flow", "Aspect": 128.7672916, "Curvature": -157225937.78, "Slope": 49.43006897, "Elevation": 2211.9814996, "Geology": "GHS paro", "Extent": "East Sikkim", "landslide": 1 }, "geometry": { "type": "Point", "coordinates": [ 88.748525635261146, 27.28974742811852, 0.0 ] } },
{ "type": "Feature", "properties": { "Name": "Debris flow", "Aspect": 271.40871005999998, "Curvature": -215077980.44, "Slope": 35.547865125999998, "Elevation": 1854.3055284, "Geology": "GHS paro", "Extent": "East Sikkim", "landslide": 1 }, "geometry": { "type": "Point", "coordinates": [ 88.731677969456129, 27.262222469061449, 0.0 ] } },
{ "type": "Feature", "properties": { "Name": "Debris flow", "Aspect": 141.08329264, "Curvature": 65133694.889, "Slope": 39.836405648000003, "Elevation": 4147.0401475999997, "Geology": "GHS paro", "Extent": "East Sikkim", "landslide": 1 }, "geometry": { "type": "Point", "coordinates": [ 88.861804701093192, 27.331627777777776, 0.0 ] } },
{ "type": "Feature", "properties": { "Name": "Debris flow", "Aspect": 118.03019206, "Curvature": 8586954.6667, "Slope": 43.014732785, "Elevation": 4148.4135742, "Geology": "GHS paro", "Extent": "East Sikkim", "landslide": 1 }, "geometry": { "type": "Point", "coordinates": [ 88.859773164266414, 27.330078775268355, 0.0 ] } },
{ "type": "Feature", "properties": { "Name": "Debris flow", "Aspect": 141.54912313, "Curvature": 177929877.33000001, "Slope": 37.029640834, "Elevation": 4160.1450738000003, "Geology": "GHS paro", "Extent": "East Sikkim", "landslide": 1 }, "geometry": { "type": "Point", "coordinates": [ 88.859152270769755, 27.329434017430199, 0.0 ] } },
{ "type": "Feature", "properties": { "Name": "Debris flow", "Aspect": 139.761478, "Curvature": 100226770.94, "Slope": 40.348316615999998, "Elevation": 3351.9228515999998, "Geology": "GHS paro", "Extent": "East Sikkim", "landslide": 1 }, "geometry": { "type": "Point", "coordinates": [ 88.874263830553261, 27.290946837415358, 0.0 ] } },
{ "type": "Feature", "properties": { "Name": "Debris flow", "Aspect": 20.615549511000001, "Curvature": 127298131.22, "Slope": 44.361897362999997, "Elevation": 3838.3796658000001, "Geology": "GHS paro", "Extent": "East Sikkim", "landslide": 1 }, "geometry": { "type": "Point", "coordinates": [ 88.754594164883528, 27.410986111111114, 0.0 ] } },
{ "type": "Feature", "properties": { "Name": "Debris flow", "Aspect": 268.60417345000002, "Curvature": 98154514.833000004, "Slope": 38.599991904, "Elevation": 3852.1173230999998, "Geology": "GHS paro", "Extent": "East Sikkim", "landslide": 1 }, "geometry": { "type": "Point", "coordinates": [ 88.745989022396586, 27.411811562012854, 0.0 ] } },
{ "type": "Feature", "properties": { "Name": "Debris flow", "Aspect": 227.49454414, "Curvature": 17417922.333000001, "Slope": 42.14139684, "Elevation": 3372.5308431, "Geology": "GHS paro", "Extent": "East Sikkim", "landslide": 1 }, "geometry": { "type": "Point", "coordinates": [ 88.79251830306967, 27.285040219711838, 0.0 ] } },
{ "type": "Feature", "properties": { "Name": "Debris flow", "Aspect": 238.35524326000001, "Curvature": 125617383.56, "Slope": 20.48010095, "Elevation": 4469.6142578, "Geology": "GHS paro", "Extent": "East Sikkim", "landslide": 1 }, "geometry": { "type": "Point", "coordinates": [ 88.820488355495129, 27.394281312215615, 0.0 ] } },
{ "type": "Feature", "properties": { "Name": "Debris flow", "Aspect": 331.9520874, "Curvature": 89263062.111000001, "Slope": 29.275976605, "Elevation": 3649.6388889, "Geology": "GHS paro", "Extent": "East Sikkim", "landslide": 1 }, "geometry": { "type": "Point", "coordinates": [ 88.741356539419272, 27.382343571013084, 0.0 ] } },
{ "type": "Feature", "properties": { "Name": "Debris flow", "Aspect": 258.59152561000002, "Curvature": 123301414.22, "Slope": 24.679123561000001, "Elevation": 4480.4351671000004, "Geology": "GHS paro", "Extent": "East Sikkim", "landslide": 1 }, "geometry": { "type": "Point", "coordinates": [ 88.81546101380998, 27.401176134184539, 0.0 ] } },
{ "type": "Feature", "properties": { "Name": "Debris flow", "Aspect": 274.55593194, "Curvature": -2932227.0833000001, "Slope": 39.744684855000003, "Elevation": 4358.8179252999998, "Geology": "GHS paro", "Extent": "East Sikkim", "landslide": 1 }, "geometry": { "type": "Point", "coordinates": [ 88.81353310482173, 27.397678487405425, 0.0 ] } },
{ "type": "Feature", "properties": { "Name": "Debris flow", "Aspect": 289.99445936000001, "Curvature": 38693372.139, "Slope": 40.430790795, "Elevation": 4400.3549261999997, "Geology": "GHS paro", "Extent": "East Sikkim", "landslide": 1 }, "geometry": { "type": "Point", "coordinates": [ 88.814270293118327, 27.397972245609356, 0.0 ] } },
{ "type": "Feature", "properties": { "Name": "Debris flow", "Aspect": 327.08626302, "Curvature": 21686023.778000001, "Slope": 42.119812859, "Elevation": 3851.6296115, "Geology": "GHS paro", "Extent": "East Sikkim", "landslide": 1 }, "geometry": { "type": "Point", "coordinates": [ 88.751829804412239, 27.411000457845457, 0.0 ] } },
{ "type": "Feature", "properties": { "Name": "Debris flow", "Aspect": 137.78555128, "Curvature": -55255809.938000001, "Slope": 52.807376861999998, "Elevation": 2089.3857829, "Geology": "GHS paro", "Extent": "East Sikkim", "landslide": 1 }, "geometry": { "type": "Point", "coordinates": [ 88.739905555555566, 27.286875, 0.0 ] } },
{ "type": "Feature", "properties": { "Name": "Debris flow", "Aspect": 164.41541714, "Curvature": -156572566.33000001, "Slope": 41.448216756000001, "Elevation": 3072.0833604999998, "Geology": "GHS paro", "Extent": "East Sikkim", "landslide": 1 }, "geometry": { "type": "Point", "coordinates": [ 88.85630846700964, 27.270358679535196, 0.0 ] } },
{ "type": "Feature", "properties": { "Name": "Debris flow", "Aspect": 174.46335178000001, "Curvature": 35840264.889, "Slope": 29.364418877, "Elevation": 3568.2623427, "Geology": "GHS paro", "Extent": "East Sikkim", "landslide": 1 }, "geometry": { "type": "Point", "coordinates": [ 88.840367578445054, 27.291922337110332, 0.0 ] } },
{ "type": "Feature", "properties": { "Name": "Debris flow", "Aspect": 198.73136902, "Curvature": 110566174.89, "Slope": 31.115251541, "Elevation": 3599.7499729000001, "Geology": "GHS paro", "Extent": "East Sikkim", "landslide": 1 }, "geometry": { "type": "Point", "coordinates": [ 88.840621112285135, 27.2924497102975, 0.0 ] } },
{ "type": "Feature", "properties": { "Name": "Debris flow", "Aspect": 145.2409668, "Curvature": 120861711.56, "Slope": 46.590858883000003, "Elevation": 4038.4721951000001, "Geology": "GHS paro", "Extent": "East Sikkim", "landslide": 1 }, "geometry": { "type": "Point", "coordinates": [ 88.824257381079065, 27.356045566506211, 0.0 ] } },
{ "type": "Feature", "properties": { "Name": "Debris flow", "Aspect": 215.72087606, "Curvature": -8297513.1111000003, "Slope": 36.943109724000003, "Elevation": 3882.0833604999998, "Geology": "GHS paro", "Extent": "East Sikkim", "landslide": 1 }, "geometry": { "type": "Point", "coordinates": [ 88.862512651936285, 27.315214154213429, 0.0 ] } },
{ "type": "Feature", "properties": { "Name": "Debris flow", "Aspect": 237.57852342000001, "Curvature": -18172895.139, "Slope": 37.260077582000001, "Elevation": 3648.3549533, "Geology": "GHS paro", "Extent": "East Sikkim", "landslide": 1 }, "geometry": { "type": "Point", "coordinates": [ 88.882735448939499, 27.304519345743437, 0.0 ] } },
{ "type": "Feature", "properties": { "Name": "Debris flow?", "Aspect": 253.45216031000001, "Curvature": -52108742.667000003, "Slope": 24.434056387999998, "Elevation": 3609.3271484000002, "Geology": "GHS paro", "Extent": "East Sikkim", "landslide": 1 }, "geometry": { "type": "Point", "coordinates": [ 88.88891076512013, 27.283274125821418, 0.0 ] } },
{ "type": "Feature", "properties": { "Name": "Debris flow", "Aspect": 168.67681376, "Curvature": 55387105.777999997, "Slope": 28.654762056, "Elevation": 3558.2839626999998, "Geology": "GHS paro", "Extent": "East Sikkim", "landslide": 1 }, "geometry": { "type": "Point", "coordinates": [ 88.840074684114526, 27.29169828518166, 0.0 ] } },
{ "type": "Feature", "properties": { "Name": "Debris flow", "Aspect": 153.17623732000001, "Curvature": -101489100.67, "Slope": 39.797197978, "Elevation": 2642.3611111, "Geology": "GHS paro", "Extent": "East Sikkim", "landslide": 1 }, "geometry": { "type": "Point", "coordinates": [ 88.78705, 27.246941666666668, 0.0 ] } },
{ "type": "Feature", "properties": { "Name": "Debris flow", "Aspect": 105.96667226, "Curvature": -62154504.222000003, "Slope": 27.789340973000002, "Elevation": 2187.3271212999998, "Geology": "GHS paro", "Extent": "East Sikkim", "landslide": 1 }, "geometry": { "type": "Point", "coordinates": [ 88.776313888888893, 27.23971944444445, 0.0 ] } },
{ "type": "Feature", "properties": { "Name": "Debris flow", "Aspect": 210.64685906, "Curvature": 10312915.444, "Slope": 42.504950629, "Elevation": 2535.8796115, "Geology": "GHS paro", "Extent": "East Sikkim", "landslide": 1 }, "geometry": { "type": "Point", "coordinates": [ 88.839016666666666, 27.264297222222226, 0.0 ] } },
{ "type": "Feature", "properties": { "Name": "Debris flow", "Aspect": 228.05510966, "Curvature": 128966655.56, "Slope": 36.908766429000003, "Elevation": 2665.2993434999998, "Geology": "GHS paro", "Extent": "East Sikkim", "landslide": 1 }, "geometry": { "type": "Point", "coordinates": [ 88.831888888888884, 27.268330555555544, 0.0 ] } },
{ "type": "Feature", "properties": { "Name": "Debris flow", "Aspect": 153.41199748, "Curvature": 157480212.89, "Slope": 42.062105815000002, "Elevation": 2856.0432129000001, "Geology": "GHS paro", "Extent": "East Sikkim", "landslide": 1 }, "geometry": { "type": "Point", "coordinates": [ 88.775336111111116, 27.292763888888889, 0.0 ] } },
{ "type": "Feature", "properties": { "Name": "Debris flow?", "Aspect": 215.46376885000001, "Curvature": 94864791.111000001, "Slope": 48.248081630999998, "Elevation": 3130.9814723999998, "Geology": "GHS paro", "Extent": "East Sikkim", "landslide": 1 }, "geometry": { "type": "Point", "coordinates": [ 88.786147222222226, 27.295822222222231, 0.0 ] } },
{ "type": "Feature", "properties": { "Name": "Debris flow", "Aspect": 333.71710205, "Curvature": -121882096.21999995, "Slope": 39.279401143000001, "Elevation": 3748.7932129000001, "Geology": "GHS paro", "Extent": "East Sikkim", "landslide": 1 }, "geometry": { "type": "Point", "coordinates": [ 88.765454782396347, 27.413070905357021, 0.0 ] } },
{ "type": "Feature", "properties": { "Name": "Debris flow?", "Aspect": 146.89472792000001, "Curvature": 125420406.89, "Slope": 31.169343101, "Elevation": 2369.8827311, "Geology": "GHS paro", "Extent": "East Sikkim", "landslide": 1 }, "geometry": { "type": "Point", "coordinates": [ 88.74196388888889, 27.251644444444448, 0.0 ] } },
{ "type": "Feature", "properties": { "Name": "Debris flow", "Aspect": 161.8199429, "Curvature": 144142501.11000001, "Slope": 37.685133192000002, "Elevation": 2299.6049262000001, "Geology": "GHS paro", "Extent": "East Sikkim", "landslide": 1 }, "geometry": { "type": "Point", "coordinates": [ 88.70227777777778, 27.291452777777781, 0.0 ] } },
{ "type": "Feature", "properties": { "Name": "Debris flow", "Aspect": 151.4434611, "Curvature": 93384304.444000006, "Slope": 49.243693458000003, "Elevation": 1533.8796251000001, "Geology": "GHS paro", "Extent": "East Sikkim", "landslide": 1 }, "geometry": { "type": "Point", "coordinates": [ 88.715333333333334, 27.283938888888894, 0.0 ] } },
{ "type": "Feature", "properties": { "Name": "Debris flow", "Aspect": 131.92601522000001, "Curvature": 122188873.44, "Slope": 47.911933898999997, "Elevation": 1562.4290229000001, "Geology": "GHS paro", "Extent": "East Sikkim", "landslide": 1 }, "geometry": { "type": "Point", "coordinates": [ 88.715511111111113, 27.284541666666666, 0.0 ] } },
{ "type": "Feature", "properties": { "Name": "Debris flow", "Aspect": 168.22612847, "Curvature": -203150580.0, "Slope": 35.137825223999997, "Elevation": 1648.0123562000001, "Geology": "GHS paro", "Extent": "East Sikkim", "landslide": 1 }, "geometry": { "type": "Point", "coordinates": [ 88.712566666666675, 27.284666666666666, 0.0 ] } },
{ "type": "Feature", "properties": { "Name": "Debris flow", "Aspect": 146.06527201, "Curvature": 54101942.222000003, "Slope": 45.646332635, "Elevation": 2016.0956624, "Geology": "GHS paro", "Extent": "East Sikkim", "landslide": 1 }, "geometry": { "type": "Point", "coordinates": [ 88.739722222222227, 27.285794444444448, 0.0 ] } },
{ "type": "Feature", "properties": { "Name": "Debris flow", "Aspect": 145.18504673000001, "Curvature": 191233447.11000001, "Slope": 56.152946472000004, "Elevation": 1868.8364258, "Geology": "GHS paro", "Extent": "East Sikkim", "landslide": 1 }, "geometry": { "type": "Point", "coordinates": [ 88.740005555555555, 27.28455833333334, 0.0 ] } },
{ "type": "Feature", "properties": { "Name": "Debris flow", "Aspect": 175.5536872, "Curvature": -52481875.167000003, "Slope": 48.137546115, "Elevation": 1617.3179118, "Geology": "GHS paro", "Extent": "East Sikkim", "landslide": 1 }, "geometry": { "type": "Point", "coordinates": [ 88.730713888888886, 27.283963888888888, 0.0 ] } },
{ "type": "Feature", "properties": { "Name": "Debris flow", "Aspect": 105.93602159, "Curvature": 50513060.667000003, "Slope": 46.970360225999997, "Elevation": 2108.5894911, "Geology": "GHS paro", "Extent": "East Sikkim", "landslide": 1 }, "geometry": { "type": "Point", "coordinates": [ 88.720352777777777, 27.306922222222223, 0.0 ] } },
{ "type": "Feature", "properties": { "Name": "Debris flow", "Aspect": 259.71700033000002, "Curvature": 236060096.0, "Slope": 44.468024784000001, "Elevation": 2038.0648193, "Geology": "GHS paro", "Extent": "East Sikkim", "landslide": 1 }, "geometry": { "type": "Point", "coordinates": [ 88.729983333333337, 27.307736111111105, 0.0 ] } },
{ "type": "Feature", "properties": { "Name": "Debris flow", "Aspect": 148.95639208, "Curvature": -3509408.0, "Slope": 32.753902435000001, "Elevation": 2584.9475097999998, "Geology": "GHS paro", "Extent": "East Sikkim", "landslide": 1 }, "geometry": { "type": "Point", "coordinates": [ 88.757911111111113, 27.296955555555559, 0.0 ] } },
{ "type": "Feature", "properties": { "Name": "Debris flow", "Aspect": 138.55799866000001, "Curvature": 177493700.22, "Slope": 45.673450893999998, "Elevation": 2897.3457030999998, "Geology": "GHS paro", "Extent": "East Sikkim", "landslide": 1 }, "geometry": { "type": "Point", "coordinates": [ 88.744108333333344, 27.307377777777777, 0.0 ] } },
{ "type": "Feature", "properties": { "Name": "Debris flow", "Aspect": 153.32406616, "Curvature": 334671492.44, "Slope": 39.447432624000001, "Elevation": 2877.0493978, "Geology": "GHS paro", "Extent": "East Sikkim", "landslide": 1 }, "geometry": { "type": "Point", "coordinates": [ 88.743694444444444, 27.306572222222208, 0.0 ] } },
{ "type": "Feature", "properties": { "Name": "Debris flow", "Aspect": 215.19589572000001, "Curvature": 239678617.33000001, "Slope": 44.987089793000003, "Elevation": 3087.6203885, "Geology": "GHS paro", "Extent": "East Sikkim", "landslide": 1 }, "geometry": { "type": "Point", "coordinates": [ 88.771691666666669, 27.299336111111113, 0.0 ] } },
{ "type": "Feature", "properties": { "Name": "Debris flow", "Aspect": 141.4130639, "Curvature": -70306499.75, "Slope": 44.036753337, "Elevation": 2350.3981662000001, "Geology": "GHS paro", "Extent": "East Sikkim", "landslide": 1 }, "geometry": { "type": "Point", "coordinates": [ 88.758836111111108, 27.294097222222224, 0.0 ] } },
{ "type": "Feature", "properties": { "Name": "Debris flow", "Aspect": 248.70966424, "Curvature": 98753100.666999996, "Slope": 31.174470266, "Elevation": 3621.2839355000001, "Geology": "GHS paro", "Extent": "East Sikkim", "landslide": 1 }, "geometry": { "type": "Point", "coordinates": [ 88.88196111111111, 27.30500833333333, 0.0 ] } },
{ "type": "Feature", "properties": { "Name": "Debris flow", "Aspect": 86.026110330999998, "Curvature": 141511352.44, "Slope": 38.924688551000003, "Elevation": 2231.8364529, "Geology": "GHS paro", "Extent": "East Sikkim", "landslide": 1 }, "geometry": { "type": "Point", "coordinates": [ 88.7495911462523, 27.293903985622212, 0.0 ] } },
{ "type": "Feature", "properties": { "Name": "Debris flow", "Aspect": 250.27804057, "Curvature": 93531095.701000005, "Slope": 19.05934408, "Elevation": 3641.7963053, "Geology": "GHS paro", "Extent": "East Sikkim", "landslide": 1 }, "geometry": { "type": "Point", "coordinates": [ 88.797546108402372, 27.276454793103809, 0.0 ] } },
{ "type": "Feature", "properties": { "Name": "Debris flow", "Aspect": 97.471321954000004, "Curvature": -228105780.22, "Slope": 40.574465858000003, "Elevation": 2154.2006565000002, "Geology": "GHS paro", "Extent": "East Sikkim", "landslide": 1 }, "geometry": { "type": "Point", "coordinates": [ 88.750075600267024, 27.291611882577993, 0.0 ] } },
{ "type": "Feature", "properties": { "Name": "Debris flow", "Aspect": 274.13989257999998, "Curvature": -37261732.806000002, "Slope": 34.296261258000001, "Elevation": 3439.8241102000002, "Geology": "GHS paro", "Extent": "East Sikkim", "landslide": 1 }, "geometry": { "type": "Point", "coordinates": [ 88.794683333333325, 27.278469444444433, 0.0 ] } },
{ "type": "Feature", "properties": { "Name": "Debris flow", "Aspect": 270.18650648, "Curvature": -22530920.889, "Slope": 43.360586802, "Elevation": 2917.0833333, "Geology": "GHS paro", "Extent": "East Sikkim", "landslide": 1 }, "geometry": { "type": "Point", "coordinates": [ 88.680332875873532, 27.393072704979939, 0.0 ] } },
{ "type": "Feature", "properties": { "Name": "Debris flow", "Aspect": 281.91321818, "Curvature": 40624351.443999998, "Slope": 27.728068882, "Elevation": 2973.8364258000001, "Geology": "GHS paro", "Extent": "East Sikkim", "landslide": 1 }, "geometry": { "type": "Point", "coordinates": [ 88.68120913031072, 27.393839570105573, 0.0 ] } },
{ "type": "Feature", "properties": { "Name": "Debris flow", "Aspect": 306.90535482000001, "Curvature": -260869774.22, "Slope": 35.795506582999998, "Elevation": 2748.5247396, "Geology": "GHS paro", "Extent": "East Sikkim", "landslide": 1 }, "geometry": { "type": "Point", "coordinates": [ 88.678116666666668, 27.39179722222222, 0.0 ] } },
{ "type": "Feature", "properties": { "Name": "Debris flow", "Aspect": 243.00549316, "Curvature": 237811940.44, "Slope": 27.346776115000001, "Elevation": 3504.5864258000001, "Geology": "GHS paro", "Extent": "East Sikkim", "landslide": 1 }, "geometry": { "type": "Point", "coordinates": [ 88.709411333007608, 27.403903336907941, 0.0 ] } },
{ "type": "Feature", "properties": { "Name": "Debris flow", "Aspect": 111.83025021, "Curvature": 302617780.89, "Slope": 57.717934925999998, "Elevation": 1979.2006293, "Geology": "GHS paro", "Extent": "East Sikkim", "landslide": 1 }, "geometry": { "type": "Point", "coordinates": [ 88.720835474915276, 27.304523814005076, 0.0 ] } },
{ "type": "Feature", "properties": { "Name": "Debris flow", "Aspect": 97.903861152000005, "Curvature": -21167273.345, "Slope": 32.757244745999998, "Elevation": 1371.8487549, "Geology": "GHS paro", "Extent": "East Sikkim", "landslide": 1 }, "geometry": { "type": "Point", "coordinates": [ 88.720961111111109, 27.196136111111112, 0.0 ] } },
{ "type": "Feature", "properties": { "Name": "Debris flow", "Aspect": 128.66777378, "Curvature": -48373276.332999997, "Slope": 57.09408866, "Elevation": 1995.1851942000001, "Geology": "GHS paro", "Extent": "East Sikkim", "landslide": 1 }, "geometry": { "type": "Point", "coordinates": [ 88.722460401824989, 27.309230298351476, 0.0 ] } },
{ "type": "Feature", "properties": { "Name": "Debris flow", "Aspect": 117.67429352000001, "Curvature": 248399955.56, "Slope": 53.379837883999997, "Elevation": 1992.7191569, "Geology": "GHS paro", "Extent": "East Sikkim", "landslide": 1 }, "geometry": { "type": "Point", "coordinates": [ 88.719305555555565, 27.300386111111116, 0.0 ] } },
{ "type": "Feature", "properties": { "Name": "Debris flow", "Aspect": 135.10415904000001, "Curvature": 52229090.889, "Slope": 37.232785966999998, "Elevation": 1846.0216064000001, "Geology": "GHS paro", "Extent": "East Sikkim", "landslide": 1 }, "geometry": { "type": "Point", "coordinates": [ 88.717825, 27.293558333333326, 0.0 ] } },
{ "type": "Feature", "properties": { "Name": "Debris flow", "Aspect": 103.19099087, "Curvature": -259624497.78, "Slope": 63.999013689000002, "Elevation": 1827.8456896, "Geology": "GHS paro", "Extent": "East Sikkim", "landslide": 1 }, "geometry": { "type": "Point", "coordinates": [ 88.718966666666674, 27.29686388888889, 0.0 ] } },
{ "type": "Feature", "properties": { "Name": "Debris flow", "Aspect": 188.09582689000001, "Curvature": 192397396.5, "Slope": 45.82308197, "Elevation": 2924.9536947000001, "Geology": "GHS paro", "Extent": "East Sikkim", "landslide": 1 }, "geometry": { "type": "Point", "coordinates": [ 88.795544444444445, 27.2516, 0.0 ] } },
{ "type": "Feature", "properties": { "Name": "Debris flow", "Aspect": 118.3053894, "Curvature": 6257655.1111000003, "Slope": 56.893426683000001, "Elevation": 2065.9814996, "Geology": "GHS paro", "Extent": "East Sikkim", "landslide": 1 }, "geometry": { "type": "Point", "coordinates": [ 88.721321141820297, 27.308356300006544, 0.0 ] } },
{ "type": "Feature", "properties": { "Name": "Debris flow", "Aspect": 108.15418582, "Curvature": 266678607.11000001, "Slope": 50.535063426000001, "Elevation": 2005.4629991, "Geology": "GHS paro", "Extent": "East Sikkim", "landslide": 1 }, "geometry": { "type": "Point", "coordinates": [ 88.719536111111111, 27.30124166666667, 0.0 ] } },
{ "type": "Feature", "properties": { "Name": "Debris flow", "Aspect": 108.4813953, "Curvature": -208298110.22, "Slope": 41.841490852, "Elevation": 1899.6882731000001, "Geology": "GHS paro", "Extent": "East Sikkim", "landslide": 1 }, "geometry": { "type": "Point", "coordinates": [ 88.720522222222229, 27.30213333333333, 0.0 ] } },
{ "type": "Feature", "properties": { "Name": "Debris flow", "Aspect": 96.318543328000004, "Curvature": 192989750.89, "Slope": 47.78560808, "Elevation": 2027.4383138000001, "Geology": "GHS paro", "Extent": "East Sikkim", "landslide": 1 }, "geometry": { "type": "Point", "coordinates": [ 88.720936111111115, 27.305719444444442, 0.0 ] } },
{ "type": "Feature", "properties": { "Name": "Debris flow", "Aspect": 121.69872369, "Curvature": -47710854.222000003, "Slope": 57.86491055, "Elevation": 2049.6296521999998, "Geology": "GHS paro", "Extent": "East Sikkim", "landslide": 1 }, "geometry": { "type": "Point", "coordinates": [ 88.721534865504665, 27.308520998774281, 0.0 ] } },
{ "type": "Feature", "properties": { "Name": "Debris flow", "Aspect": 107.20350732, "Curvature": -17975701.333000001, "Slope": 52.558352575999997, "Elevation": 1962.6481527000001, "Geology": "GHS paro", "Extent": "East Sikkim", "landslide": 1 }, "geometry": { "type": "Point", "coordinates": [ 88.724186111111109, 27.312555555555555, 0.0 ] } },
{ "type": "Feature", "properties": { "Name": "Debris flow", "Aspect": 300.61964586, "Curvature": 28230657.778000001, "Slope": 45.030774858000001, "Elevation": 2371.6419542, "Geology": "GHS paro", "Extent": "East Sikkim", "landslide": 1 }, "geometry": { "type": "Point", "coordinates": [ 88.735061111111108, 27.308744444444446, 0.0 ] } },
{ "type": "Feature", "properties": { "Name": "Rock fall", "Aspect": 101.14254761, "Curvature": 117901186.44, "Slope": 14.54743433, "Elevation": 4132.8796658000001, "Geology": "GHS paro", "Extent": "East Sikkim", "landslide": 1 }, "geometry": { "type": "Point", "coordinates": [ 88.844429015117313, 27.311844352294969, 0.0 ] } },
{ "type": "Feature", "properties": { "Name": "Rock fall", "Aspect": 304.34316678, "Curvature": 28516379.556000002, "Slope": 30.432483461, "Elevation": 4370.1265734, "Geology": "GHS paro", "Extent": "East Sikkim", "landslide": 1 }, "geometry": { "type": "Point", "coordinates": [ 88.787666666666667, 27.415561111111113, 0.0 ] } },
{ "type": "Feature", "properties": { "Name": "Rock fall", "Aspect": 334.25257365, "Curvature": 99248861.777999997, "Slope": 34.650342940999998, "Elevation": 4582.8148328999996, "Geology": "GHS paro", "Extent": "East Sikkim", "landslide": 1 }, "geometry": { "type": "Point", "coordinates": [ 88.802734815657189, 27.406715674393151, 0.0 ] } },
{ "type": "Feature", "properties": { "Name": "Rock fall", "Aspect": 325.66144138, "Curvature": 147376255.11000001, "Slope": 28.523429977, "Elevation": 4594.7222764999997, "Geology": "GHS paro", "Extent": "East Sikkim", "landslide": 1 }, "geometry": { "type": "Point", "coordinates": [ 88.803427755584067, 27.406686952534155, 0.0 ] } },
{ "type": "Feature", "properties": { "Name": "Rock fall", "Aspect": 310.79803467, "Curvature": 89942385.777999997, "Slope": 30.773349126, "Elevation": 4601.6142036000001, "Geology": "GHS paro", "Extent": "East Sikkim", "landslide": 1 }, "geometry": { "type": "Point", "coordinates": [ 88.804163253706307, 27.40695526764349, 0.0 ] } },
{ "type": "Feature", "properties": { "Name": "Rock fall", "Aspect": 270.9704149, "Curvature": 247823008.44, "Slope": 47.129038917000003, "Elevation": 4494.4907769000001, "Geology": "GHS paro", "Extent": "East Sikkim", "landslide": 1 }, "geometry": { "type": "Point", "coordinates": [ 88.815181144383985, 27.398330332651323, 0.0 ] } },
{ "type": "Feature", "properties": { "Name": "Rock fall", "Aspect": 99.006627401000003, "Curvature": 78780589.111000001, "Slope": 35.678927528000003, "Elevation": 4483.175944, "Geology": "GHS paro", "Extent": "East Sikkim", "landslide": 1 }, "geometry": { "type": "Point", "coordinates": [ 88.809700980114812, 27.404180006871794, 0.0 ] } },
{ "type": "Feature", "properties": { "Name": "Debris flow", "Aspect": 183.10639275, "Curvature": 207836527.89, "Slope": 25.289329105, "Elevation": 4615.6975911, "Geology": "GHS paro", "Extent": "East Sikkim", "landslide": 1 }, "geometry": { "type": "Point", "coordinates": [ 88.806416584235336, 27.405895026804071, 0.0 ] } },
{ "type": "Feature", "properties": { "Name": "Rock slide", "Aspect": 162.3387129, "Curvature": 216277130.22, "Slope": 21.450714004999998, "Elevation": 4649.54324, "Geology": "GHS paro", "Extent": "East Sikkim", "landslide": 1 }, "geometry": { "type": "Point", "coordinates": [ 88.805789917338444, 27.406650158244084, 0.0 ] } },
{ "type": "Feature", "properties": { "Name": "Debris flow", "Aspect": 157.95101081000001, "Curvature": 37954517.667000003, "Slope": 32.941436344000003, "Elevation": 4533.0895725, "Geology": "GHS paro", "Extent": "East Sikkim", "landslide": 1 }, "geometry": { "type": "Point", "coordinates": [ 88.803861205191652, 27.404820817877347, 0.0 ] } },
{ "type": "Feature", "properties": { "Name": "Rock slide - debris flow", "Aspect": 201.18377177, "Curvature": 101786855.78, "Slope": 34.575924555, "Elevation": 4434.3024630999998, "Geology": "GHS paro", "Extent": "East Sikkim", "landslide": 1 }, "geometry": { "type": "Point", "coordinates": [ 88.798209245933236, 27.403690726806978, 0.0 ] } },
{ "type": "Feature", "properties": { "Name": "Rock fall", "Aspect": 302.03416951000003, "Curvature": 289058764.44, "Slope": 33.211696413, "Elevation": 4642.5863714999996, "Geology": "GHS paro", "Extent": "East Sikkim", "landslide": 1 }, "geometry": { "type": "Point", "coordinates": [ 88.805209028011092, 27.407617726730788, 0.0 ] } },
{ "type": "Feature", "properties": { "Name": "Rock fall", "Aspect": 309.24114312, "Curvature": 8333370.7221999997, "Slope": 43.280948215000002, "Elevation": 4603.0, "Geology": "GHS paro", "Extent": "East Sikkim", "landslide": 1 }, "geometry": { "type": "Point", "coordinates": [ 88.804768907730093, 27.407373887991337, 0.0 ] } },
{ "type": "Feature", "properties": { "Name": "Debris flow", "Aspect": 192.70278761, "Curvature": 59395754.667000003, "Slope": 37.908235337999997, "Elevation": 4649.8580186999998, "Geology": "GHS paro", "Extent": "East Sikkim", "landslide": 1 }, "geometry": { "type": "Point", "coordinates": [ 88.804662043987037, 27.414170095248938, 0.0 ] } },
{ "type": "Feature", "properties": { "Name": "Debris flow", "Aspect": 200.93922594, "Curvature": -596709.33333000017, "Slope": 34.989842733000003, "Elevation": 4624.66352, "Geology": "GHS paro", "Extent": "East Sikkim", "landslide": 1 }, "geometry": { "type": "Point", "coordinates": [ 88.803640227988936, 27.414273936138741, 0.0 ] } },
{ "type": "Feature", "properties": { "Name": "Debris flow", "Aspect": 229.83143785, "Curvature": 151625781.78, "Slope": 29.017332501, "Elevation": 4649.160536, "Geology": "GHS paro", "Extent": "East Sikkim", "landslide": 1 }, "geometry": { "type": "Point", "coordinates": [ 88.803220236425744, 27.414829125944056, 0.0 ] } },
{ "type": "Feature", "properties": { "Name": "Rock fall", "Aspect": 229.46404351000001, "Curvature": 87585783.555999994, "Slope": 25.92536672, "Elevation": 4511.8580728999996, "Geology": "GHS paro", "Extent": "East Sikkim", "landslide": 1 }, "geometry": { "type": "Point", "coordinates": [ 88.796845833172711, 27.411989664005581, 0.0 ] } },
{ "type": "Feature", "properties": { "Name": "Rock fall", "Aspect": 230.83790419, "Curvature": 41175332.332999997, "Slope": 34.367727704000004, "Elevation": 4516.8302950999996, "Geology": "GHS paro", "Extent": "East Sikkim", "landslide": 1 }, "geometry": { "type": "Point", "coordinates": [ 88.796555100276848, 27.412488553957786, 0.0 ] } },
{ "type": "Feature", "properties": { "Name": "Rock fall", "Aspect": 232.31161329, "Curvature": 14857930.819, "Slope": 39.726336585, "Elevation": 4512.5617405000003, "Geology": "GHS paro", "Extent": "East Sikkim", "landslide": 1 }, "geometry": { "type": "Point", "coordinates": [ 88.796270599554006, 27.412890453876276, 0.0 ] } },
{ "type": "Feature", "properties": { "Name": "Rock fall", "Aspect": 226.71680535, "Curvature": 80584747.472000003, "Slope": 38.658762613999997, "Elevation": 4521.2407227000003, "Geology": "GHS paro", "Extent": "East Sikkim", "landslide": 1 }, "geometry": { "type": "Point", "coordinates": [ 88.795578922834054, 27.413895605111225, 0.0 ] } },
{ "type": "Feature", "properties": { "Name": "Debris flow", "Aspect": 162.90853373, "Curvature": -27643373.986000001, "Slope": 25.012851715, "Elevation": 4468.7160916000003, "Geology": "GHS paro", "Extent": "East Sikkim", "landslide": 1 }, "geometry": { "type": "Point", "coordinates": [ 88.793830354507961, 27.414004591079745, 0.0 ] } },
{ "type": "Feature", "properties": { "Name": "Debris flow", "Aspect": 151.89782206000001, "Curvature": 118059172.44, "Slope": 36.452281104000001, "Elevation": 4440.7190755000001, "Geology": "GHS paro", "Extent": "East Sikkim", "landslide": 1 }, "geometry": { "type": "Point", "coordinates": [ 88.791115154832283, 27.41729368629538, 0.0 ] } },
{ "type": "Feature", "properties": { "Name": "Debris flow", "Aspect": 296.99116855, "Curvature": 132714646.33, "Slope": 38.298570632999997, "Elevation": 4504.1017794999998, "Geology": "GHS paro", "Extent": "East Sikkim", "landslide": 1 }, "geometry": { "type": "Point", "coordinates": [ 88.793466956053678, 27.416638833350529, 0.0 ] } },
{ "type": "Feature", "properties": { "Name": "Debris flow", "Aspect": 267.88892364999998, "Curvature": 368008152.89, "Slope": 28.892326037, "Elevation": 4600.3950194999998, "Geology": "GHS paro", "Extent": "East Sikkim", "landslide": 1 }, "geometry": { "type": "Point", "coordinates": [ 88.796721312925499, 27.416101169652702, 0.0 ] } },
{ "type": "Feature", "properties": { "Name": "Debris flow", "Aspect": 308.83096653000001, "Curvature": 37278244.111000001, "Slope": 27.926974932, "Elevation": 4549.3734266000001, "Geology": "GHS paro", "Extent": "East Sikkim", "landslide": 1 }, "geometry": { "type": "Point", "coordinates": [ 88.795635681895249, 27.416122084148228, 0.0 ] } },
{ "type": "Feature", "properties": { "Name": "Rock fall", "Aspect": 115.11593776, "Curvature": 160329787.78, "Slope": 34.8011979, "Elevation": 4530.4290364999997, "Geology": "GHS paro", "Extent": "East Sikkim", "landslide": 1 }, "geometry": { "type": "Point", "coordinates": [ 88.794834105765389, 27.416454669074987, 0.0 ] } },
{ "type": "Feature", "properties": { "Name": "Debris flow", "Aspect": 42.761819918999997, "Curvature": 56005802.556000002, "Slope": 39.532224018999997, "Elevation": 4562.9845378, "Geology": "GHS paro", "Extent": "East Sikkim", "landslide": 1 }, "geometry": { "type": "Point", "coordinates": [ 88.798064174801425, 27.416587599126728, 0.0 ] } },
{ "type": "Feature", "properties": { "Name": "Rock fall", "Aspect": 246.32598792, "Curvature": 211398864.89, "Slope": 39.422789256000002, "Elevation": 4399.3549805000002, "Geology": "GHS paro", "Extent": "East Sikkim", "landslide": 1 }, "geometry": { "type": "Point", "coordinates": [ 88.788904703391609, 27.4032026124998, 0.0 ] } },
{ "type": "Feature", "properties": { "Name": "Rock fall", "Aspect": 318.59216309, "Curvature": 64902856.0, "Slope": 44.323433346000002, "Elevation": 4363.8055013000003, "Geology": "GHS paro", "Extent": "East Sikkim", "landslide": 1 }, "geometry": { "type": "Point", "coordinates": [ 88.792145358476219, 27.405375037393117, 0.0 ] } },
{ "type": "Feature", "properties": { "Name": "Debris flow", "Aspect": 263.85192193, "Curvature": 192362742.58000001, "Slope": 24.15366141, "Elevation": 4402.3425564, "Geology": "GHS paro", "Extent": "East Sikkim", "landslide": 1 }, "geometry": { "type": "Point", "coordinates": [ 88.788125228660135, 27.40241892654273, 0.0 ] } },
{ "type": "Feature", "properties": { "Name": "Debris flow", "Aspect": 180.58992513000001, "Curvature": 36000154.443999998, "Slope": 31.535400179, "Elevation": 4378.3828667999996, "Geology": "GHS paro", "Extent": "East Sikkim", "landslide": 1 }, "geometry": { "type": "Point", "coordinates": [ 88.78824338896689, 27.401664369128333, 0.0 ] } },
{ "type": "Feature", "properties": { "Name": "Debris flow", "Aspect": 199.3560418, "Curvature": 62487547.777999997, "Slope": 41.066450119000002, "Elevation": 4295.5463325000001, "Geology": "GHS paro", "Extent": "East Sikkim", "landslide": 1 }, "geometry": { "type": "Point", "coordinates": [ 88.786267186225245, 27.40083331882461, 0.0 ] } },
{ "type": "Feature", "properties": { "Name": "Rock fall", "Aspect": 279.95441013, "Curvature": -53360038.222000003, "Slope": 37.504195742999997, "Elevation": 4288.7840169000001, "Geology": "GHS paro", "Extent": "East Sikkim", "landslide": 1 }, "geometry": { "type": "Point", "coordinates": [ 88.790729678392594, 27.385027268636541, 0.0 ] } },
{ "type": "Feature", "properties": { "Name": "Debris flow", "Aspect": 274.17293124999998, "Curvature": 266858743.11000001, "Slope": 35.517037920999996, "Elevation": 4356.8272027000003, "Geology": "GHS paro", "Extent": "East Sikkim", "landslide": 1 }, "geometry": { "type": "Point", "coordinates": [ 88.791635442381462, 27.385908181338277, 0.0 ] } },
{ "type": "Feature", "properties": { "Name": "Rock fall/debris flow", "Aspect": 151.46776157, "Curvature": -12040789.111, "Slope": 41.875058916, "Elevation": 4077.5308431, "Geology": "GHS paro", "Extent": "East Sikkim", "landslide": 1 }, "geometry": { "type": "Point", "coordinates": [ 88.838401805604263, 27.37029182313335, 0.0 ] } },
{ "type": "Feature", "properties": { "Name": "Debris flow", "Aspect": 329.37999471000001, "Curvature": 95295078.444000006, "Slope": 23.018336826, "Elevation": 4138.6789822000001, "Geology": "GHS paro", "Extent": "East Sikkim", "landslide": 1 }, "geometry": { "type": "Point", "coordinates": [ 88.848808333333324, 27.368688888888883, 0.0 ] } },
{ "type": "Feature", "properties": { "Name": "Rock slide", "Aspect": 184.78143989, "Curvature": 142986179.56, "Slope": 42.423526764000002, "Elevation": 4294.7654622, "Geology": "GHS paro", "Extent": "East Sikkim", "landslide": 1 }, "geometry": { "type": "Point", "coordinates": [ 88.852563542921601, 27.382194043771406, 0.0 ] } },
{ "type": "Feature", "properties": { "Name": "Rock fall", "Aspect": 262.91352844, "Curvature": -1571584.0, "Slope": 33.970764584000001, "Elevation": 4433.0371094000002, "Geology": "GHS paro", "Extent": "East Sikkim", "landslide": 1 }, "geometry": { "type": "Point", "coordinates": [ 88.862870770318025, 27.374184992154174, 0.0 ] } },
{ "type": "Feature", "properties": { "Name": "Debris flow", "Aspect": 222.36064826, "Curvature": 150857434.44, "Slope": 40.400945028000002, "Elevation": 4590.8024089, "Geology": "GHS paro", "Extent": "East Sikkim", "landslide": 1 }, "geometry": { "type": "Point", "coordinates": [ 88.880195819718239, 27.360376708876029, 0.0 ] } },
{ "type": "Feature", "properties": { "Name": "Debris flow", "Aspect": 295.70233832000002, "Curvature": -50730655.806000002, "Slope": 40.101439581999998, "Elevation": 4272.4197049000004, "Geology": "GHS paro", "Extent": "East Sikkim", "landslide": 1 }, "geometry": { "type": "Point", "coordinates": [ 88.863660440244004, 27.347478425841729, 0.0 ] } },
{ "type": "Feature", "properties": { "Name": "Rock slide", "Aspect": 153.98754671, "Curvature": 264193809.78, "Slope": 17.193477419000001, "Elevation": 4133.2345378, "Geology": "GHS paro", "Extent": "East Sikkim", "landslide": 1 }, "geometry": { "type": "Point", "coordinates": [ 88.855299863941724, 27.297271354751224, 0.0 ] } },
{ "type": "Feature", "properties": { "Name": "Rock fall", "Aspect": 209.40326267, "Curvature": 71175740.666999996, "Slope": 33.451516468999998, "Elevation": 4577.2068141999998, "Geology": "GHS paro", "Extent": "East Sikkim", "landslide": 1 }, "geometry": { "type": "Point", "coordinates": [ 88.80672144844651, 27.405046075256465, 0.0 ] } },
{ "type": "Feature", "properties": { "Name": "Debris flow", "Aspect": 144.19196404, "Curvature": -12959670.417, "Slope": 43.998753018000002, "Elevation": 1334.5926107, "Geology": "LHS Daling", "Extent": "Sikkim", "landslide": 1 }, "geometry": { "type": "Point", "coordinates": [ 88.381808333333325, 27.270386111111112, 0.0 ] } },
{ "type": "Feature", "properties": { "Name": "Debris flow", "Aspect": 138.25294325, "Curvature": 316492998.22000003, "Slope": 37.339126375, "Elevation": 2285.6944444000001, "Geology": "LHS Daling", "Extent": "Sikkim", "landslide": 1 }, "geometry": { "type": "Point", "coordinates": [ 88.274459131224759, 27.371935157682849, 0.0 ] } },
{ "type": "Feature", "properties": { "Name": "Debris flow", "Aspect": 186.569497, "Curvature": 109413313.78, "Slope": 29.768242518000001, "Elevation": 1704.5246853000001, "Geology": "LHS Daling", "Extent": "Sikkim", "landslide": 1 }, "geometry": { "type": "Point", "coordinates": [ 88.286308333333338, 27.338219444444434, 0.0 ] } },
{ "type": "Feature", "properties": { "Name": "Debris flow", "Aspect": 222.74235874, "Curvature": 46684647.222000003, "Slope": 29.752145979000002, "Elevation": 813.36728922999998, "Geology": "LHS Daling", "Extent": "Sikkim", "landslide": 1 }, "geometry": { "type": "Point", "coordinates": [ 88.39664375645215, 27.112448358754918, 0.0 ] } },
{ "type": "Feature", "properties": { "Name": "Debris flow", "Aspect": 242.68657091, "Curvature": 174386592.89, "Slope": 35.817365223000003, "Elevation": 1056.3858032000001, "Geology": "LHS Daling", "Extent": "Sikkim", "landslide": 1 }, "geometry": { "type": "Point", "coordinates": [ 88.401818703898869, 27.111740051943066, 0.0 ] } },
{ "type": "Feature", "properties": { "Name": "Debris flow", "Aspect": 167.21416558000001, "Curvature": 26463290.667, "Slope": 47.463575575, "Elevation": 3553.0864529, "Geology": "LHS Daling", "Extent": "Sikkim", "landslide": 1 }, "geometry": { "type": "Point", "coordinates": [ 88.628989943745424, 27.47796100595076, 0.0 ] } },
{ "type": "Feature", "properties": { "Name": "Debris flow", "Aspect": 199.11069234000001, "Curvature": 45895039.222000003, "Slope": 43.841981676000003, "Elevation": 2192.9752875, "Geology": "LHS Daling", "Extent": "Sikkim", "landslide": 1 }, "geometry": { "type": "Point", "coordinates": [ 88.394278482182344, 27.304540020646598, 0.0 ] } },
{ "type": "Feature", "properties": { "Name": "Debris flow", "Aspect": 142.63734521000001, "Curvature": 270235671.89, "Slope": 47.036692301000002, "Elevation": 1246.1975369, "Geology": "LHS Daling", "Extent": "Sikkim", "landslide": 1 }, "geometry": { "type": "Point", "coordinates": [ 88.282005555555557, 27.295713888888894, 0.0 ] } },
{ "type": "Feature", "properties": { "Name": "Debris slide-flow", "Aspect": 162.36072032000001, "Curvature": -185124161.78, "Slope": 26.469086965, "Elevation": 1509.9413656, "Geology": "LHS Daling", "Extent": "Sikkim", "landslide": 1 }, "geometry": { "type": "Point", "coordinates": [ 88.330441666666658, 27.390625, 0.0 ] } },
{ "type": "Feature", "properties": { "Name": "Debris flow", "Aspect": 118.42128923, "Curvature": 134064684.89, "Slope": 49.328309376999997, "Elevation": 872.48766411999998, "Geology": "LHS Daling", "Extent": "Sikkim", "landslide": 1 }, "geometry": { "type": "Point", "coordinates": [ 88.292488888888883, 27.296683333333327, 0.0 ] } },
{ "type": "Feature", "properties": { "Name": "Debris flow", "Aspect": 187.68825955, "Curvature": 23697654.222, "Slope": 37.990409639, "Elevation": 1298.5246853000001, "Geology": "LHS Daling", "Extent": "Sikkim", "landslide": 1 }, "geometry": { "type": "Point", "coordinates": [ 88.334922222222218, 27.303744444444444, 0.0 ] } },
{ "type": "Feature", "properties": { "Name": "Debris flow", "Aspect": 194.4988505, "Curvature": 28944495.222, "Slope": 42.018555958999997, "Elevation": 1414.6573893, "Geology": "LHS Daling", "Extent": "Sikkim", "landslide": 1 }, "geometry": { "type": "Point", "coordinates": [ 88.337466666666657, 27.30457222222222, 0.0 ] } },
{ "type": "Feature", "properties": { "Name": "Debris flow", "Aspect": 195.78910828, "Curvature": 123486441.33, "Slope": 31.432821486000002, "Elevation": 1544.1481391, "Geology": "LHS Daling", "Extent": "Sikkim", "landslide": 1 }, "geometry": { "type": "Point", "coordinates": [ 88.339386111111111, 27.305461111111111, 0.0 ] } },
{ "type": "Feature", "properties": { "Name": "Debris flow", "Aspect": 182.76042684000001, "Curvature": 34764303.443999998, "Slope": 33.258218977, "Elevation": 1170.4228244000001, "Geology": "LHS Daling", "Extent": "Sikkim", "landslide": 1 }, "geometry": { "type": "Point", "coordinates": [ 88.497661111111114, 27.491294444444446, 0.0 ] } },
{ "type": "Feature", "properties": { "Name": "Debris flow", "Aspect": 211.11202664000001, "Curvature": 113519971.94, "Slope": 37.557007896000002, "Elevation": 983.932095, "Geology": "LHS Daling", "Extent": "Sikkim", "landslide": 1 }, "geometry": { "type": "Point", "coordinates": [ 88.431816666666677, 27.139736111111109, 0.0 ] } },
{ "type": "Feature", "properties": { "Name": "Debris flow", "Aspect": 163.02642314, "Curvature": 80205994.0, "Slope": 33.555886375, "Elevation": 3518.3549262000001, "Geology": "MCT zone", "Extent": "Sikkim", "landslide": 1 }, "geometry": { "type": "Point", "coordinates": [ 88.629823311515239, 27.477691018442112, 0.0 ] } },
{ "type": "Feature", "properties": { "Name": "Debris flow", "Aspect": 148.01898193, "Curvature": 242360328.44, "Slope": 51.555369483, "Elevation": 2028.6512451000001, "Geology": "MCT zone", "Extent": "Sikkim", "landslide": 1 }, "geometry": { "type": "Point", "coordinates": [ 88.221677048391143, 27.296923504002169, 0.0 ] } },
{ "type": "Feature", "properties": { "Name": "Debris flow", "Aspect": 139.59224447, "Curvature": 11152936.889, "Slope": 49.283426921, "Elevation": 3180.8271212999998, "Geology": "GHS paro", "Extent": "Sikkim", "landslide": 1 }, "geometry": { "type": "Point", "coordinates": [ 88.259403994096175, 27.445410284684524, 0.0 ] } },
{ "type": "Feature", "properties": { "Name": "Debris flow", "Aspect": 188.71248372, "Curvature": 28720740.0, "Slope": 43.15246794, "Elevation": 3810.2623698000002, "Geology": "GHS paro", "Extent": "Sikkim", "landslide": 1 }, "geometry": { "type": "Point", "coordinates": [ 88.721046057319938, 27.424754198425049, 0.0 ] } },
{ "type": "Feature", "properties": { "Name": "Debris flow", "Aspect": 89.997079637, "Curvature": -60629844.111000001, "Slope": 36.508905835, "Elevation": 3756.8363715, "Geology": "GHS paro", "Extent": "Sikkim", "landslide": 1 }, "geometry": { "type": "Point", "coordinates": [ 88.147483333333355, 27.443136111111105, 0.0 ] } },
{ "type": "Feature", "properties": { "Name": "Debris flow", "Aspect": 148.52689955, "Curvature": 123389610.27, "Slope": 49.7983515, "Elevation": 2596.484592, "Geology": "GHS paro", "Extent": "Sikkim", "landslide": 1 }, "geometry": { "type": "Point", "coordinates": [ 88.123913888888879, 27.364861111111107, 0.0 ] } },
{ "type": "Feature", "properties": { "Name": "Debris flow", "Aspect": 182.09759861000001, "Curvature": -13426933.0, "Slope": 42.118277231999997, "Elevation": 2395.97838, "Geology": "GHS paro", "Extent": "Sikkim", "landslide": 1 }, "geometry": { "type": "Point", "coordinates": [ 88.116525083364678, 27.371414038378759, 0.0 ] } },
{ "type": "Feature", "properties": { "Name": "Debris flow", "Aspect": 164.05304633, "Curvature": 98655186.222000003, "Slope": 37.047187805, "Elevation": 3444.8611111, "Geology": "GHS paro", "Extent": "Sikkim", "landslide": 1 }, "geometry": { "type": "Point", "coordinates": [ 88.093222222222224, 27.37864722222222, 0.0 ] } },
{ "type": "Feature", "properties": { "Name": "Debris flow", "Aspect": 118.95626916000001, "Curvature": -66862180.056000002, "Slope": 35.596933577000001, "Elevation": 2997.2036947000001, "Geology": "GHS paro", "Extent": "Sikkim", "landslide": 1 }, "geometry": { "type": "Point", "coordinates": [ 88.099619444444457, 27.381672222222218, 0.0 ] } },
{ "type": "Feature", "properties": { "Name": "Debris flow", "Aspect": 142.27357229, "Curvature": 2393411.5556000001, "Slope": 43.655657874, "Elevation": 4059.5092231, "Geology": "GHS paro", "Extent": "Sikkim", "landslide": 1 }, "geometry": { "type": "Point", "coordinates": [ 88.08862276653403, 27.404434447445386, 0.0 ] } },
{ "type": "Feature", "properties": { "Name": "Debris flow", "Aspect": 184.01807997, "Curvature": 10063650.667, "Slope": 33.323113546999998, "Elevation": 3943.0833062000002, "Geology": "GHS paro", "Extent": "Sikkim", "landslide": 1 }, "geometry": { "type": "Point", "coordinates": [ 88.122041666666661, 27.473961111111102, 0.0 ] } },
{ "type": "Feature", "properties": { "Name": "Debris flow", "Aspect": 142.85241191, "Curvature": -24976031.943999998, "Slope": 36.590758641999997, "Elevation": 3921.8178711, "Geology": "GHS paro", "Extent": "Sikkim", "landslide": 1 }, "geometry": { "type": "Point", "coordinates": [ 88.120666666666665, 27.473338888888886, 0.0 ] } },
{ "type": "Feature", "properties": { "Name": "Debris flow", "Aspect": 179.45042759, "Curvature": 24707729.056000002, "Slope": 37.475738524999997, "Elevation": 3914.2406955000001, "Geology": "GHS paro", "Extent": "Sikkim", "landslide": 1 }, "geometry": { "type": "Point", "coordinates": [ 88.165813888888906, 27.465083333333322, 0.0 ] } },
{ "type": "Feature", "properties": { "Name": "Debris flow", "Aspect": 195.96568468000001, "Curvature": -79408443.333000004, "Slope": 25.701721191000001, "Elevation": 3675.1142307, "Geology": "GHS paro", "Extent": "Sikkim", "landslide": 1 }, "geometry": { "type": "Point", "coordinates": [ 88.238025, 27.45095, 0.0 ] } },
{ "type": "Feature", "properties": { "Name": "Debris flow", "Aspect": 322.54821098999997, "Curvature": 331722046.22000003, "Slope": 46.054512871999997, "Elevation": 3703.2314723999998, "Geology": "GHS paro", "Extent": "Sikkim", "landslide": 1 }, "geometry": { "type": "Point", "coordinates": [ 88.714900650122374, 27.427426140749578, 0.0 ] } },
{ "type": "Feature", "properties": { "Name": "Debris flow", "Aspect": 100.98441145, "Curvature": 114926998.67, "Slope": 34.329881032000003, "Elevation": 3326.8055826999998, "Geology": "GHS paro", "Extent": "Sikkim", "landslide": 1 }, "geometry": { "type": "Point", "coordinates": [ 88.694416666666669, 27.408738888888884, 0.0 ] } },
{ "type": "Feature", "properties": { "Name": "Debris flow", "Aspect": 170.40501912, "Curvature": -111196716.10999998, "Slope": 38.664650174999998, "Elevation": 3496.6882867, "Geology": "GHS paro", "Extent": "Sikkim", "landslide": 1 }, "geometry": { "type": "Point", "coordinates": [ 88.697120991982487, 27.413567626549902, 0.0 ] } },
{ "type": "Feature", "properties": { "Name": "Debris flow", "Aspect": 327.28834024999998, "Curvature": 122346599.89, "Slope": 25.167319616, "Elevation": 3494.1172689, "Geology": "GHS paro", "Extent": "Sikkim", "landslide": 1 }, "geometry": { "type": "Point", "coordinates": [ 88.698997222222232, 27.418766666666667, 0.0 ] } },
{ "type": "Feature", "properties": { "Name": "Debris flow", "Aspect": 314.87548828000001, "Curvature": 247773732.44, "Slope": 36.932959873999998, "Elevation": 3335.0709907, "Geology": "GHS paro", "Extent": "Sikkim", "landslide": 1 }, "geometry": { "type": "Point", "coordinates": [ 88.698183333333333, 27.42773611111112, 0.0 ] } },
{ "type": "Feature", "properties": { "Name": "Debris flow", "Aspect": 119.86861102, "Curvature": 3140796.4444, "Slope": 39.428035735999998, "Elevation": 3444.1265734, "Geology": "GHS paro", "Extent": "Sikkim", "landslide": 1 }, "geometry": { "type": "Point", "coordinates": [ 88.711055077238044, 27.429411512924158, 0.0 ] } },
{ "type": "Feature", "properties": { "Name": "Debris flow", "Aspect": 217.02722677, "Curvature": 50554040.443999998, "Slope": 18.456981023000001, "Elevation": 4257.6265191000002, "Geology": "GHS paro", "Extent": "Sikkim", "landslide": 1 }, "geometry": { "type": "Point", "coordinates": [ 88.068543262032009, 27.47121215945204, 0.0 ] } },
{ "type": "Feature", "properties": { "Name": "Debris flow", "Aspect": 24.931606081000002, "Curvature": -197332012.0, "Slope": 44.364261202999998, "Elevation": 4419.4814995999996, "Geology": "GHS paro", "Extent": "Sikkim", "landslide": 1 }, "geometry": { "type": "Point", "coordinates": [ 88.066894444444443, 27.46105555555555, 0.0 ] } },
{ "type": "Feature", "properties": { "Name": "Debris flow", "Aspect": 120.93289778, "Curvature": -20617848.889, "Slope": 50.503912184000001, "Elevation": 3033.9969076000002, "Geology": "GHS paro", "Extent": "Sikkim", "landslide": 1 }, "geometry": { "type": "Point", "coordinates": [ 88.26050921259251, 27.441618325484288, 0.0 ] } },
{ "type": "Feature", "properties": { "Name": "Debris flow", "Aspect": 159.46853299, "Curvature": -143593732.0, "Slope": 55.941456689, "Elevation": 2183.3950467, "Geology": "GHS paro", "Extent": "Sikkim", "landslide": 1 }, "geometry": { "type": "Point", "coordinates": [ 88.666672222222232, 27.454063888888882, 0.0 ] } },
{ "type": "Feature", "properties": { "Name": "Rock fall", "Aspect": 198.33933004, "Curvature": 20137149.111000001, "Slope": 36.556987339000003, "Elevation": 4534.3580728999996, "Geology": "GHS paro", "Extent": "Sikkim", "landslide": 1 }, "geometry": { "type": "Point", "coordinates": [ 88.793028893145319, 27.427495374757545, 0.0 ] } },
{ "type": "Feature", "properties": { "Name": "Rock fall", "Aspect": 241.59060838, "Curvature": 199083442.67, "Slope": 32.310852050999998, "Elevation": 4415.398112, "Geology": "GHS paro", "Extent": "Sikkim", "landslide": 1 }, "geometry": { "type": "Point", "coordinates": [ 88.790361545017205, 27.427334954636873, 0.0 ] } },
{ "type": "Feature", "properties": { "Name": "Rock fall", "Aspect": 256.52471415000002, "Curvature": 45309569.111000001, "Slope": 36.255406698000002, "Elevation": 4487.7838542, "Geology": "GHS paro", "Extent": "Sikkim", "landslide": 1 }, "geometry": { "type": "Point", "coordinates": [ 88.791436593420286, 27.427957161825624, 0.0 ] } },
{ "type": "Feature", "properties": { "Name": "Rock fall", "Aspect": 227.76804267, "Curvature": -65603982.443999998, "Slope": 37.08942922, "Elevation": 4541.1697591000002, "Geology": "GHS paro", "Extent": "Sikkim", "landslide": 1 }, "geometry": { "type": "Point", "coordinates": [ 88.792012199219641, 27.434583598692168, 0.0 ] } },
{ "type": "Feature", "properties": { "Name": "Rock fall", "Aspect": 262.26807658000001, "Curvature": 246505421.78, "Slope": 28.998467551000001, "Elevation": 4558.8179252999998, "Geology": "GHS paro", "Extent": "Sikkim", "landslide": 1 }, "geometry": { "type": "Point", "coordinates": [ 88.790373700491784, 27.436212398682304, 0.0 ] } },
{ "type": "Feature", "properties": { "Name": "Rock fall", "Aspect": 272.81709798000003, "Curvature": 289039984.0, "Slope": 34.679422801999998, "Elevation": 4543.7653536999997, "Geology": "GHS paro", "Extent": "Sikkim", "landslide": 1 }, "geometry": { "type": "Point", "coordinates": [ 88.7898994342073, 27.436132077599726, 0.0 ] } },
{ "type": "Feature", "properties": { "Name": "Rock fall", "Aspect": 286.24936591, "Curvature": 79620184.111000001, "Slope": 40.304924859000003, "Elevation": 4499.6171875, "Geology": "GHS paro", "Extent": "Sikkim", "landslide": 1 }, "geometry": { "type": "Point", "coordinates": [ 88.789441932096722, 27.436155694776097, 0.0 ] } },
{ "type": "Feature", "properties": { "Name": "Rock fall", "Aspect": 286.24936591, "Curvature": 79620184.111000001, "Slope": 40.304924859000003, "Elevation": 4499.6171875, "Geology": "GHS paro", "Extent": "Sikkim", "landslide": 1 }, "geometry": { "type": "Point", "coordinates": [ 88.789371686639427, 27.435973245095553, 0.0 ] } },
{ "type": "Feature", "properties": { "Name": "Rock fall/debris flow", "Aspect": 292.84095256000001, "Curvature": 54642675.111000001, "Slope": 40.755428738, "Elevation": 4558.79324, "Geology": "GHS paro", "Extent": "Sikkim", "landslide": 1 }, "geometry": { "type": "Point", "coordinates": [ 88.790653861265241, 27.437047312062752, 0.0 ] } },
{ "type": "Feature", "properties": { "Name": "Rock fall/debris flow", "Aspect": 282.6970893, "Curvature": -117146707.56, "Slope": 35.739578670999997, "Elevation": 4544.7098524000003, "Geology": "GHS paro", "Extent": "Sikkim", "landslide": 1 }, "geometry": { "type": "Point", "coordinates": [ 88.790779238242081, 27.438041846481372, 0.0 ] } },
{ "type": "Feature", "properties": { "Name": "Rock fall", "Aspect": 245.09909566, "Curvature": -34468800.0, "Slope": 45.454026116000001, "Elevation": 4545.7160372999997, "Geology": "GHS paro", "Extent": "Sikkim", "landslide": 1 }, "geometry": { "type": "Point", "coordinates": [ 88.792612837131557, 27.433860804413936, 0.0 ] } },
{ "type": "Feature", "properties": { "Name": "Debris flow", "Aspect": 174.62932671, "Curvature": -6697967.0, "Slope": 41.74630483, "Elevation": 1285.5123291, "Geology": "LHS", "Extent": "Sikkim", "landslide": 1 }, "geometry": { "type": "Point", "coordinates": [ 88.302630555555552, 27.19178611111111, 0.0 ] } },
{ "type": "Feature", "properties": { "Name": "Debris flow", "Aspect": 153.29155138, "Curvature": -96142108.777999997, "Slope": 51.036560059000003, "Elevation": 1422.3302409, "Geology": "LHS", "Extent": "Sikkim", "landslide": 1 }, "geometry": { "type": "Point", "coordinates": [ 88.361286111111099, 27.207363888888889, 0.0 ] } },
{ "type": "Feature", "properties": { "Name": "Debris flow", "Aspect": 163.50706821, "Curvature": 290804283.56, "Slope": 42.453251521, "Elevation": 3600.0771484000002, "Geology": "Lingtse", "Extent": "Sikkim", "landslide": 1 }, "geometry": { "type": "Point", "coordinates": [ 88.628081030422123, 27.478411564115579, 0.0 ] } },
{ "type": "Feature", "properties": { "Name": "Debris flow", "Aspect": 135.66286892, "Curvature": 11893653.111, "Slope": 49.989150576999997, "Elevation": 2013.4814996, "Geology": "Lingtse", "Extent": "Sikkim", "landslide": 1 }, "geometry": { "type": "Point", "coordinates": [ 88.635025, 27.399755555555544, 0.0 ] } },
{ "type": "Feature", "properties": { "Name": "Debris flow", "Aspect": 131.99617852, "Curvature": 115464128.44, "Slope": 31.94802263, "Elevation": 1990.8549262, "Geology": "GHS paro", "Extent": null, "landslide": 1 }, "geometry": { "type": "Point", "coordinates": [ 88.819820836334173, 27.213281110484747, 0.0 ] } },
{ "type": "Feature", "properties": { "Name": "Debris flow", "Aspect": 161.06774055, "Curvature": -109272464.89, "Slope": 40.624218835000001, "Elevation": 3792.888916, "Geology": "GHS paro", "Extent": null, "landslide": 1 }, "geometry": { "type": "Point", "coordinates": [ 88.889432258031661, 27.264803407806781, 0.0 ] } },
{ "type": "Feature", "properties": { "Name": "Debris flow", "Aspect": 80.266125149000004, "Curvature": 193242614.22, "Slope": 38.200247659, "Elevation": 1987.4136149000001, "Geology": "GHS paro", "Extent": null, "landslide": 1 }, "geometry": { "type": "Point", "coordinates": [ 88.820133333333331, 27.214241666666666, 0.0 ] } },
{ "type": "Feature", "properties": { "Name": "Rock fall", "Aspect": 95.556522793, "Curvature": 98050225.277999997, "Slope": 39.986954159, "Elevation": 4522.6388889, "Geology": "GHS paro", "Extent": null, "landslide": 1 }, "geometry": { "type": "Point", "coordinates": [ 88.808988679580423, 27.408657198652261, 0.0 ] } },
{ "type": "Feature", "properties": { "Name": null, "Aspect": null, "Curvature": null, "Slope": null, "Elevation": null, "Geology": null, "Extent": null, "landslide": 0 }, "geometry": { "type": "Point", "coordinates": [ 88.37639582913944, 27.47379129661029 ] } },
{ "type": "Feature", "properties": { "Name": null, "Aspect": null, "Curvature": null, "Slope": null, "Elevation": null, "Geology": null, "Extent": null, "landslide": 0 }, "geometry": { "type": "Point", "coordinates": [ 88.669576024855843, 27.336619620354718 ] } },
{ "type": "Feature", "properties": { "Name": null, "Aspect": null, "Curvature": null, "Slope": null, "Elevation": null, "Geology": null, "Extent": null, "landslide": 0 }, "geometry": { "type": "Point", "coordinates": [ 88.114696724442211, 27.443960088449312 ] } },
{ "type": "Feature", "properties": { "Name": null, "Aspect": null, "Curvature": null, "Slope": null, "Elevation": null, "Geology": null, "Extent": null, "landslide": 0 }, "geometry": { "type": "Point", "coordinates": [ 88.56221291172001, 27.379497519471656 ] } },
{ "type": "Feature", "properties": { "Name": null, "Aspect": null, "Curvature": null, "Slope": null, "Elevation": null, "Geology": null, "Extent": null, "landslide": 0 }, "geometry": { "type": "Point", "coordinates": [ 88.3164151506748, 27.312270541469637 ] } },
{ "type": "Feature", "properties": { "Name": null, "Aspect": null, "Curvature": null, "Slope": null, "Elevation": null, "Geology": null, "Extent": null, "landslide": 0 }, "geometry": { "type": "Point", "coordinates": [ 88.420600445304814, 27.222380946113827 ] } },
{ "type": "Feature", "properties": { "Name": null, "Aspect": null, "Curvature": null, "Slope": null, "Elevation": null, "Geology": null, "Extent": null, "landslide": 0 }, "geometry": { "type": "Point", "coordinates": [ 88.568033414068651, 27.163066539347756 ] } },
{ "type": "Feature", "properties": { "Name": null, "Aspect": null, "Curvature": null, "Slope": null, "Elevation": null, "Geology": null, "Extent": null, "landslide": 0 }, "geometry": { "type": "Point", "coordinates": [ 88.305733096073666, 27.252091661146263 ] } },
{ "type": "Feature", "properties": { "Name": null, "Aspect": null, "Curvature": null, "Slope": null, "Elevation": null, "Geology": null, "Extent": null, "landslide": 0 }, "geometry": { "type": "Point", "coordinates": [ 88.442909850644895, 27.410123521432599 ] } },
{ "type": "Feature", "properties": { "Name": null, "Aspect": null, "Curvature": null, "Slope": null, "Elevation": null, "Geology": null, "Extent": null, "landslide": 0 }, "geometry": { "type": "Point", "coordinates": [ 88.230130149396487, 27.309052247641855 ] } },
{ "type": "Feature", "properties": { "Name": null, "Aspect": null, "Curvature": null, "Slope": null, "Elevation": null, "Geology": null, "Extent": null, "landslide": 0 }, "geometry": { "type": "Point", "coordinates": [ 88.564650269409071, 27.174912674058113 ] } },
{ "type": "Feature", "properties": { "Name": null, "Aspect": null, "Curvature": null, "Slope": null, "Elevation": null, "Geology": null, "Extent": null, "landslide": 0 }, "geometry": { "type": "Point", "coordinates": [ 88.629303026526159, 27.276779038096965 ] } },
{ "type": "Feature", "properties": { "Name": null, "Aspect": null, "Curvature": null, "Slope": null, "Elevation": null, "Geology": null, "Extent": null, "landslide": 0 }, "geometry": { "type": "Point", "coordinates": [ 88.095292554949566, 27.460533433037146 ] } },
{ "type": "Feature", "properties": { "Name": null, "Aspect": null, "Curvature": null, "Slope": null, "Elevation": null, "Geology": null, "Extent": null, "landslide": 0 }, "geometry": { "type": "Point", "coordinates": [ 88.279523459836753, 27.36504160030972 ] } },
{ "type": "Feature", "properties": { "Name": null, "Aspect": null, "Curvature": null, "Slope": null, "Elevation": null, "Geology": null, "Extent": null, "landslide": 0 }, "geometry": { "type": "Point", "coordinates": [ 88.322553635612678, 27.310428371221192 ] } },
{ "type": "Feature", "properties": { "Name": null, "Aspect": null, "Curvature": null, "Slope": null, "Elevation": null, "Geology": null, "Extent": null, "landslide": 0 }, "geometry": { "type": "Point", "coordinates": [ 88.514619109987095, 27.180915337809932 ] } },
{ "type": "Feature", "properties": { "Name": null, "Aspect": null, "Curvature": null, "Slope": null, "Elevation": null, "Geology": null, "Extent": null, "landslide": 0 }, "geometry": { "type": "Point", "coordinates": [ 88.560703462100534, 27.460872582152128 ] } },
{ "type": "Feature", "properties": { "Name": null, "Aspect": null, "Curvature": null, "Slope": null, "Elevation": null, "Geology": null, "Extent": null, "landslide": 0 }, "geometry": { "type": "Point", "coordinates": [ 88.384853295137901, 27.215173366544693 ] } },
{ "type": "Feature", "properties": { "Name": null, "Aspect": null, "Curvature": null, "Slope": null, "Elevation": null, "Geology": null, "Extent": null, "landslide": 0 }, "geometry": { "type": "Point", "coordinates": [ 88.747922509202851, 27.243612166463745 ] } },
{ "type": "Feature", "properties": { "Name": null, "Aspect": null, "Curvature": null, "Slope": null, "Elevation": null, "Geology": null, "Extent": null, "landslide": 0 }, "geometry": { "type": "Point", "coordinates": [ 88.297272266921652, 27.319276672441447 ] } },
{ "type": "Feature", "properties": { "Name": null, "Aspect": null, "Curvature": null, "Slope": null, "Elevation": null, "Geology": null, "Extent": null, "landslide": 0 }, "geometry": { "type": "Point", "coordinates": [ 88.182842049345155, 27.419049961401484 ] } },
{ "type": "Feature", "properties": { "Name": null, "Aspect": null, "Curvature": null, "Slope": null, "Elevation": null, "Geology": null, "Extent": null, "landslide": 0 }, "geometry": { "type": "Point", "coordinates": [ 88.649579224798643, 27.386458078095462 ] } },
{ "type": "Feature", "properties": { "Name": null, "Aspect": null, "Curvature": null, "Slope": null, "Elevation": null, "Geology": null, "Extent": null, "landslide": 0 }, "geometry": { "type": "Point", "coordinates": [ 88.35924219782855, 27.156254273565246 ] } },
{ "type": "Feature", "properties": { "Name": null, "Aspect": null, "Curvature": null, "Slope": null, "Elevation": null, "Geology": null, "Extent": null, "landslide": 0 }, "geometry": { "type": "Point", "coordinates": [ 88.777855952451077, 27.344658948128576 ] } },
{ "type": "Feature", "properties": { "Name": null, "Aspect": null, "Curvature": null, "Slope": null, "Elevation": null, "Geology": null, "Extent": null, "landslide": 0 }, "geometry": { "type": "Point", "coordinates": [ 88.32107533744778, 27.236276670090568 ] } },
{ "type": "Feature", "properties": { "Name": null, "Aspect": null, "Curvature": null, "Slope": null, "Elevation": null, "Geology": null, "Extent": null, "landslide": 0 }, "geometry": { "type": "Point", "coordinates": [ 88.667828329136157, 27.351442469194588 ] } },
{ "type": "Feature", "properties": { "Name": null, "Aspect": null, "Curvature": null, "Slope": null, "Elevation": null, "Geology": null, "Extent": null, "landslide": 0 }, "geometry": { "type": "Point", "coordinates": [ 88.164878087154179, 27.385348842296999 ] } },
{ "type": "Feature", "properties": { "Name": null, "Aspect": null, "Curvature": null, "Slope": null, "Elevation": null, "Geology": null, "Extent": null, "landslide": 0 }, "geometry": { "type": "Point", "coordinates": [ 88.69310552160789, 27.322112005879102 ] } },
{ "type": "Feature", "properties": { "Name": null, "Aspect": null, "Curvature": null, "Slope": null, "Elevation": null, "Geology": null, "Extent": null, "landslide": 0 }, "geometry": { "type": "Point", "coordinates": [ 88.701110473704716, 27.29633659461518 ] } },
{ "type": "Feature", "properties": { "Name": null, "Aspect": null, "Curvature": null, "Slope": null, "Elevation": null, "Geology": null, "Extent": null, "landslide": 0 }, "geometry": { "type": "Point", "coordinates": [ 88.496103203658393, 27.273467883401665 ] } },
{ "type": "Feature", "properties": { "Name": null, "Aspect": null, "Curvature": null, "Slope": null, "Elevation": null, "Geology": null, "Extent": null, "landslide": 0 }, "geometry": { "type": "Point", "coordinates": [ 88.324682923914494, 27.306032786970437 ] } },
{ "type": "Feature", "properties": { "Name": null, "Aspect": null, "Curvature": null, "Slope": null, "Elevation": null, "Geology": null, "Extent": null, "landslide": 0 }, "geometry": { "type": "Point", "coordinates": [ 88.40505699757405, 27.399236464016724 ] } },
{ "type": "Feature", "properties": { "Name": null, "Aspect": null, "Curvature": null, "Slope": null, "Elevation": null, "Geology": null, "Extent": null, "landslide": 0 }, "geometry": { "type": "Point", "coordinates": [ 88.58974458240202, 27.441360339846163 ] } },
{ "type": "Feature", "properties": { "Name": null, "Aspect": null, "Curvature": null, "Slope": null, "Elevation": null, "Geology": null, "Extent": null, "landslide": 0 }, "geometry": { "type": "Point", "coordinates": [ 88.801633436298118, 27.312408275607091 ] } },
{ "type": "Feature", "properties": { "Name": null, "Aspect": null, "Curvature": null, "Slope": null, "Elevation": null, "Geology": null, "Extent": null, "landslide": 0 }, "geometry": { "type": "Point", "coordinates": [ 88.733564269277835, 27.449017207174343 ] } },
{ "type": "Feature", "properties": { "Name": null, "Aspect": null, "Curvature": null, "Slope": null, "Elevation": null, "Geology": null, "Extent": null, "landslide": 0 }, "geometry": { "type": "Point", "coordinates": [ 88.253065434588507, 27.275691020416904 ] } },
{ "type": "Feature", "properties": { "Name": null, "Aspect": null, "Curvature": null, "Slope": null, "Elevation": null, "Geology": null, "Extent": null, "landslide": 0 }, "geometry": { "type": "Point", "coordinates": [ 88.742082947111925, 27.435455819646425 ] } },
{ "type": "Feature", "properties": { "Name": null, "Aspect": null, "Curvature": null, "Slope": null, "Elevation": null, "Geology": null, "Extent": null, "landslide": 0 }, "geometry": { "type": "Point", "coordinates": [ 88.408293445340576, 27.196200607921856 ] } },
{ "type": "Feature", "properties": { "Name": null, "Aspect": null, "Curvature": null, "Slope": null, "Elevation": null, "Geology": null, "Extent": null, "landslide": 0 }, "geometry": { "type": "Point", "coordinates": [ 88.841791955393248, 27.229642427977637 ] } },
{ "type": "Feature", "properties": { "Name": null, "Aspect": null, "Curvature": null, "Slope": null, "Elevation": null, "Geology": null, "Extent": null, "landslide": 0 }, "geometry": { "type": "Point", "coordinates": [ 88.494258046241796, 27.378318715476539 ] } },
{ "type": "Feature", "properties": { "Name": null, "Aspect": null, "Curvature": null, "Slope": null, "Elevation": null, "Geology": null, "Extent": null, "landslide": 0 }, "geometry": { "type": "Point", "coordinates": [ 88.367483886049243, 27.481896403859821 ] } },
{ "type": "Feature", "properties": { "Name": null, "Aspect": null, "Curvature": null, "Slope": null, "Elevation": null, "Geology": null, "Extent": null, "landslide": 0 }, "geometry": { "type": "Point", "coordinates": [ 88.474459080644493, 27.225496370768312 ] } },
{ "type": "Feature", "properties": { "Name": null, "Aspect": null, "Curvature": null, "Slope": null, "Elevation": null, "Geology": null, "Extent": null, "landslide": 0 }, "geometry": { "type": "Point", "coordinates": [ 88.568084013242725, 27.301272366425398 ] } },
{ "type": "Feature", "properties": { "Name": null, "Aspect": null, "Curvature": null, "Slope": null, "Elevation": null, "Geology": null, "Extent": null, "landslide": 0 }, "geometry": { "type": "Point", "coordinates": [ 88.184852383955686, 27.300012161831443 ] } },
{ "type": "Feature", "properties": { "Name": null, "Aspect": null, "Curvature": null, "Slope": null, "Elevation": null, "Geology": null, "Extent": null, "landslide": 0 }, "geometry": { "type": "Point", "coordinates": [ 88.621109671194219, 27.399201705533216 ] } },
{ "type": "Feature", "properties": { "Name": null, "Aspect": null, "Curvature": null, "Slope": null, "Elevation": null, "Geology": null, "Extent": null, "landslide": 0 }, "geometry": { "type": "Point", "coordinates": [ 88.262362134403475, 27.390198488373503 ] } },
{ "type": "Feature", "properties": { "Name": null, "Aspect": null, "Curvature": null, "Slope": null, "Elevation": null, "Geology": null, "Extent": null, "landslide": 0 }, "geometry": { "type": "Point", "coordinates": [ 88.369320358948173, 27.352690642573794 ] } },
{ "type": "Feature", "properties": { "Name": null, "Aspect": null, "Curvature": null, "Slope": null, "Elevation": null, "Geology": null, "Extent": null, "landslide": 0 }, "geometry": { "type": "Point", "coordinates": [ 88.58802360947054, 27.313641303911105 ] } },
{ "type": "Feature", "properties": { "Name": null, "Aspect": null, "Curvature": null, "Slope": null, "Elevation": null, "Geology": null, "Extent": null, "landslide": 0 }, "geometry": { "type": "Point", "coordinates": [ 88.141170035156009, 27.43199623815514 ] } },
{ "type": "Feature", "properties": { "Name": null, "Aspect": null, "Curvature": null, "Slope": null, "Elevation": null, "Geology": null, "Extent": null, "landslide": 0 }, "geometry": { "type": "Point", "coordinates": [ 88.328524179482258, 27.183435301907039 ] } },
{ "type": "Feature", "properties": { "Name": null, "Aspect": null, "Curvature": null, "Slope": null, "Elevation": null, "Geology": null, "Extent": null, "landslide": 0 }, "geometry": { "type": "Point", "coordinates": [ 88.486315584682771, 27.197064834265792 ] } },
{ "type": "Feature", "properties": { "Name": null, "Aspect": null, "Curvature": null, "Slope": null, "Elevation": null, "Geology": null, "Extent": null, "landslide": 0 }, "geometry": { "type": "Point", "coordinates": [ 88.595661600819327, 27.176025394133145 ] } },
{ "type": "Feature", "properties": { "Name": null, "Aspect": null, "Curvature": null, "Slope": null, "Elevation": null, "Geology": null, "Extent": null, "landslide": 0 }, "geometry": { "type": "Point", "coordinates": [ 88.278820619562751, 27.364082086889482 ] } },
{ "type": "Feature", "properties": { "Name": null, "Aspect": null, "Curvature": null, "Slope": null, "Elevation": null, "Geology": null, "Extent": null, "landslide": 0 }, "geometry": { "type": "Point", "coordinates": [ 88.739609298970066, 27.319228575023413 ] } },
{ "type": "Feature", "properties": { "Name": null, "Aspect": null, "Curvature": null, "Slope": null, "Elevation": null, "Geology": null, "Extent": null, "landslide": 0 }, "geometry": { "type": "Point", "coordinates": [ 88.500857753195532, 27.202753768746796 ] } },
{ "type": "Feature", "properties": { "Name": null, "Aspect": null, "Curvature": null, "Slope": null, "Elevation": null, "Geology": null, "Extent": null, "landslide": 0 }, "geometry": { "type": "Point", "coordinates": [ 88.143735560768761, 27.455537396662514 ] } },
{ "type": "Feature", "properties": { "Name": null, "Aspect": null, "Curvature": null, "Slope": null, "Elevation": null, "Geology": null, "Extent": null, "landslide": 0 }, "geometry": { "type": "Point", "coordinates": [ 88.808692337445578, 27.347993168187745 ] } },
{ "type": "Feature", "properties": { "Name": null, "Aspect": null, "Curvature": null, "Slope": null, "Elevation": null, "Geology": null, "Extent": null, "landslide": 0 }, "geometry": { "type": "Point", "coordinates": [ 88.344300435678932, 27.245199102351879 ] } },
{ "type": "Feature", "properties": { "Name": null, "Aspect": null, "Curvature": null, "Slope": null, "Elevation": null, "Geology": null, "Extent": null, "landslide": 0 }, "geometry": { "type": "Point", "coordinates": [ 88.200331225401996, 27.455570520048163 ] } },
{ "type": "Feature", "properties": { "Name": null, "Aspect": null, "Curvature": null, "Slope": null, "Elevation": null, "Geology": null, "Extent": null, "landslide": 0 }, "geometry": { "type": "Point", "coordinates": [ 88.149725629571648, 27.366543785748952 ] } },
{ "type": "Feature", "properties": { "Name": null, "Aspect": null, "Curvature": null, "Slope": null, "Elevation": null, "Geology": null, "Extent": null, "landslide": 0 }, "geometry": { "type": "Point", "coordinates": [ 88.518907375360172, 27.3738195632356 ] } },
{ "type": "Feature", "properties": { "Name": null, "Aspect": null, "Curvature": null, "Slope": null, "Elevation": null, "Geology": null, "Extent": null, "landslide": 0 }, "geometry": { "type": "Point", "coordinates": [ 88.601523811145526, 27.194948533969939 ] } },
{ "type": "Feature", "properties": { "Name": null, "Aspect": null, "Curvature": null, "Slope": null, "Elevation": null, "Geology": null, "Extent": null, "landslide": 0 }, "geometry": { "type": "Point", "coordinates": [ 88.651200037984722, 27.19931135627434 ] } },
{ "type": "Feature", "properties": { "Name": null, "Aspect": null, "Curvature": null, "Slope": null, "Elevation": null, "Geology": null, "Extent": null, "landslide": 0 }, "geometry": { "type": "Point", "coordinates": [ 88.334875291971656, 27.396478127640176 ] } },
{ "type": "Feature", "properties": { "Name": null, "Aspect": null, "Curvature": null, "Slope": null, "Elevation": null, "Geology": null, "Extent": null, "landslide": 0 }, "geometry": { "type": "Point", "coordinates": [ 88.603020565009771, 27.432746395030676 ] } },
{ "type": "Feature", "properties": { "Name": null, "Aspect": null, "Curvature": null, "Slope": null, "Elevation": null, "Geology": null, "Extent": null, "landslide": 0 }, "geometry": { "type": "Point", "coordinates": [ 88.608061622476512, 27.325792341743096 ] } },
{ "type": "Feature", "properties": { "Name": null, "Aspect": null, "Curvature": null, "Slope": null, "Elevation": null, "Geology": null, "Extent": null, "landslide": 0 }, "geometry": { "type": "Point", "coordinates": [ 88.867035535413393, 27.255903409559785 ] } },
{ "type": "Feature", "properties": { "Name": null, "Aspect": null, "Curvature": null, "Slope": null, "Elevation": null, "Geology": null, "Extent": null, "landslide": 0 }, "geometry": { "type": "Point", "coordinates": [ 88.801775554738668, 27.347335724916075 ] } },
{ "type": "Feature", "properties": { "Name": null, "Aspect": null, "Curvature": null, "Slope": null, "Elevation": null, "Geology": null, "Extent": null, "landslide": 0 }, "geometry": { "type": "Point", "coordinates": [ 88.541100520242779, 27.297705647776109 ] } },
{ "type": "Feature", "properties": { "Name": null, "Aspect": null, "Curvature": null, "Slope": null, "Elevation": null, "Geology": null, "Extent": null, "landslide": 0 }, "geometry": { "type": "Point", "coordinates": [ 88.227349027288014, 27.388317266955205 ] } },
{ "type": "Feature", "properties": { "Name": null, "Aspect": null, "Curvature": null, "Slope": null, "Elevation": null, "Geology": null, "Extent": null, "landslide": 0 }, "geometry": { "type": "Point", "coordinates": [ 88.595923132120291, 27.177066713804095 ] } },
{ "type": "Feature", "properties": { "Name": null, "Aspect": null, "Curvature": null, "Slope": null, "Elevation": null, "Geology": null, "Extent": null, "landslide": 0 }, "geometry": { "type": "Point", "coordinates": [ 88.818975847909783, 27.247807828872929 ] } },
{ "type": "Feature", "properties": { "Name": null, "Aspect": null, "Curvature": null, "Slope": null, "Elevation": null, "Geology": null, "Extent": null, "landslide": 0 }, "geometry": { "type": "Point", "coordinates": [ 88.07972743768596, 27.467885133033572 ] } },
{ "type": "Feature", "properties": { "Name": null, "Aspect": null, "Curvature": null, "Slope": null, "Elevation": null, "Geology": null, "Extent": null, "landslide": 0 }, "geometry": { "type": "Point", "coordinates": [ 88.420777357102708, 27.479411464672445 ] } },
{ "type": "Feature", "properties": { "Name": null, "Aspect": null, "Curvature": null, "Slope": null, "Elevation": null, "Geology": null, "Extent": null, "landslide": 0 }, "geometry": { "type": "Point", "coordinates": [ 88.307715816677941, 27.259203354577412 ] } },
{ "type": "Feature", "properties": { "Name": null, "Aspect": null, "Curvature": null, "Slope": null, "Elevation": null, "Geology": null, "Extent": null, "landslide": 0 }, "geometry": { "type": "Point", "coordinates": [ 88.766140967263652, 27.228226999535632 ] } },
{ "type": "Feature", "properties": { "Name": null, "Aspect": null, "Curvature": null, "Slope": null, "Elevation": null, "Geology": null, "Extent": null, "landslide": 0 }, "geometry": { "type": "Point", "coordinates": [ 88.2054142746764, 27.325467200699123 ] } },
{ "type": "Feature", "properties": { "Name": null, "Aspect": null, "Curvature": null, "Slope": null, "Elevation": null, "Geology": null, "Extent": null, "landslide": 0 }, "geometry": { "type": "Point", "coordinates": [ 88.533396670524567, 27.147345675644466 ] } },
{ "type": "Feature", "properties": { "Name": null, "Aspect": null, "Curvature": null, "Slope": null, "Elevation": null, "Geology": null, "Extent": null, "landslide": 0 }, "geometry": { "type": "Point", "coordinates": [ 88.181001363326573, 27.311034481245578 ] } },
{ "type": "Feature", "properties": { "Name": null, "Aspect": null, "Curvature": null, "Slope": null, "Elevation": null, "Geology": null, "Extent": null, "landslide": 0 }, "geometry": { "type": "Point", "coordinates": [ 88.641309540075198, 27.376462942712308 ] } },
{ "type": "Feature", "properties": { "Name": null, "Aspect": null, "Curvature": null, "Slope": null, "Elevation": null, "Geology": null, "Extent": null, "landslide": 0 }, "geometry": { "type": "Point", "coordinates": [ 88.36090738583178, 27.223872759856917 ] } },
{ "type": "Feature", "properties": { "Name": null, "Aspect": null, "Curvature": null, "Slope": null, "Elevation": null, "Geology": null, "Extent": null, "landslide": 0 }, "geometry": { "type": "Point", "coordinates": [ 88.734638639439808, 27.41628827732859 ] } },
{ "type": "Feature", "properties": { "Name": null, "Aspect": null, "Curvature": null, "Slope": null, "Elevation": null, "Geology": null, "Extent": null, "landslide": 0 }, "geometry": { "type": "Point", "coordinates": [ 88.487088227521738, 27.301714948759933 ] } },
{ "type": "Feature", "properties": { "Name": null, "Aspect": null, "Curvature": null, "Slope": null, "Elevation": null, "Geology": null, "Extent": null, "landslide": 0 }, "geometry": { "type": "Point", "coordinates": [ 88.724560051418436, 27.355474112750372 ] } },
{ "type": "Feature", "properties": { "Name": null, "Aspect": null, "Curvature": null, "Slope": null, "Elevation": null, "Geology": null, "Extent": null, "landslide": 0 }, "geometry": { "type": "Point", "coordinates": [ 88.645920308921106, 27.411914710659442 ] } },
{ "type": "Feature", "properties": { "Name": null, "Aspect": null, "Curvature": null, "Slope": null, "Elevation": null, "Geology": null, "Extent": null, "landslide": 0 }, "geometry": { "type": "Point", "coordinates": [ 88.798294115243237, 27.235836423444642 ] } },
{ "type": "Feature", "properties": { "Name": null, "Aspect": null, "Curvature": null, "Slope": null, "Elevation": null, "Geology": null, "Extent": null, "landslide": 0 }, "geometry": { "type": "Point", "coordinates": [ 88.37323719241995, 27.147788566078383 ] } },
{ "type": "Feature", "properties": { "Name": null, "Aspect": null, "Curvature": null, "Slope": null, "Elevation": null, "Geology": null, "Extent": null, "landslide": 0 }, "geometry": { "type": "Point", "coordinates": [ 88.449571526655632, 27.317760296051979 ] } },
{ "type": "Feature", "properties": { "Name": null, "Aspect": null, "Curvature": null, "Slope": null, "Elevation": null, "Geology": null, "Extent": null, "landslide": 0 }, "geometry": { "type": "Point", "coordinates": [ 88.302110545729022, 27.337550792078932 ] } },
{ "type": "Feature", "properties": { "Name": null, "Aspect": null, "Curvature": null, "Slope": null, "Elevation": null, "Geology": null, "Extent": null, "landslide": 0 }, "geometry": { "type": "Point", "coordinates": [ 88.742885787523804, 27.244982930729627 ] } },
{ "type": "Feature", "properties": { "Name": null, "Aspect": null, "Curvature": null, "Slope": null, "Elevation": null, "Geology": null, "Extent": null, "landslide": 0 }, "geometry": { "type": "Point", "coordinates": [ 88.170275864839979, 27.31261410198411 ] } },
{ "type": "Feature", "properties": { "Name": null, "Aspect": null, "Curvature": null, "Slope": null, "Elevation": null, "Geology": null, "Extent": null, "landslide": 0 }, "geometry": { "type": "Point", "coordinates": [ 88.698700666116949, 27.190589700285027 ] } },
{ "type": "Feature", "properties": { "Name": null, "Aspect": null, "Curvature": null, "Slope": null, "Elevation": null, "Geology": null, "Extent": null, "landslide": 0 }, "geometry": { "type": "Point", "coordinates": [ 88.511943559686571, 27.353169018437363 ] } },
{ "type": "Feature", "properties": { "Name": null, "Aspect": null, "Curvature": null, "Slope": null, "Elevation": null, "Geology": null, "Extent": null, "landslide": 0 }, "geometry": { "type": "Point", "coordinates": [ 88.490269939496955, 27.233730836814132 ] } },
{ "type": "Feature", "properties": { "Name": null, "Aspect": null, "Curvature": null, "Slope": null, "Elevation": null, "Geology": null, "Extent": null, "landslide": 0 }, "geometry": { "type": "Point", "coordinates": [ 88.719772218573098, 27.211265875334366 ] } },
{ "type": "Feature", "properties": { "Name": null, "Aspect": null, "Curvature": null, "Slope": null, "Elevation": null, "Geology": null, "Extent": null, "landslide": 0 }, "geometry": { "type": "Point", "coordinates": [ 88.425360895120733, 27.141360463650763 ] } },
{ "type": "Feature", "properties": { "Name": null, "Aspect": null, "Curvature": null, "Slope": null, "Elevation": null, "Geology": null, "Extent": null, "landslide": 0 }, "geometry": { "type": "Point", "coordinates": [ 88.755921417336523, 27.372590638670601 ] } },
{ "type": "Feature", "properties": { "Name": null, "Aspect": null, "Curvature": null, "Slope": null, "Elevation": null, "Geology": null, "Extent": null, "landslide": 0 }, "geometry": { "type": "Point", "coordinates": [ 88.401093329854987, 27.177696355949742 ] } },
{ "type": "Feature", "properties": { "Name": null, "Aspect": null, "Curvature": null, "Slope": null, "Elevation": null, "Geology": null, "Extent": null, "landslide": 0 }, "geometry": { "type": "Point", "coordinates": [ 88.51943205941653, 27.382452327715011 ] } },
{ "type": "Feature", "properties": { "Name": null, "Aspect": null, "Curvature": null, "Slope": null, "Elevation": null, "Geology": null, "Extent": null, "landslide": 0 }, "geometry": { "type": "Point", "coordinates": [ 88.60861234317602, 27.216049780942008 ] } },
{ "type": "Feature", "properties": { "Name": null, "Aspect": null, "Curvature": null, "Slope": null, "Elevation": null, "Geology": null, "Extent": null, "landslide": 0 }, "geometry": { "type": "Point", "coordinates": [ 88.523127094129237, 27.343264138812611 ] } },
{ "type": "Feature", "properties": { "Name": null, "Aspect": null, "Curvature": null, "Slope": null, "Elevation": null, "Geology": null, "Extent": null, "landslide": 0 }, "geometry": { "type": "Point", "coordinates": [ 88.410219550706259, 27.205932330563684 ] } },
{ "type": "Feature", "properties": { "Name": null, "Aspect": null, "Curvature": null, "Slope": null, "Elevation": null, "Geology": null, "Extent": null, "landslide": 0 }, "geometry": { "type": "Point", "coordinates": [ 88.360160874357192, 27.400554896738765 ] } },
{ "type": "Feature", "properties": { "Name": null, "Aspect": null, "Curvature": null, "Slope": null, "Elevation": null, "Geology": null, "Extent": null, "landslide": 0 }, "geometry": { "type": "Point", "coordinates": [ 88.772039100802203, 27.375310596934501 ] } },
{ "type": "Feature", "properties": { "Name": null, "Aspect": null, "Curvature": null, "Slope": null, "Elevation": null, "Geology": null, "Extent": null, "landslide": 0 }, "geometry": { "type": "Point", "coordinates": [ 88.454442449096632, 27.148436453972128 ] } },
{ "type": "Feature", "properties": { "Name": null, "Aspect": null, "Curvature": null, "Slope": null, "Elevation": null, "Geology": null, "Extent": null, "landslide": 0 }, "geometry": { "type": "Point", "coordinates": [ 88.470681506917046, 27.291216263293595 ] } },
{ "type": "Feature", "properties": { "Name": null, "Aspect": null, "Curvature": null, "Slope": null, "Elevation": null, "Geology": null, "Extent": null, "landslide": 0 }, "geometry": { "type": "Point", "coordinates": [ 88.207967079908414, 27.27865421542397 ] } },
{ "type": "Feature", "properties": { "Name": null, "Aspect": null, "Curvature": null, "Slope": null, "Elevation": null, "Geology": null, "Extent": null, "landslide": 0 }, "geometry": { "type": "Point", "coordinates": [ 88.394586938929095, 27.346178321081766 ] } },
{ "type": "Feature", "properties": { "Name": null, "Aspect": null, "Curvature": null, "Slope": null, "Elevation": null, "Geology": null, "Extent": null, "landslide": 0 }, "geometry": { "type": "Point", "coordinates": [ 88.374924349664596, 27.350182560620738 ] } },
{ "type": "Feature", "properties": { "Name": null, "Aspect": null, "Curvature": null, "Slope": null, "Elevation": null, "Geology": null, "Extent": null, "landslide": 0 }, "geometry": { "type": "Point", "coordinates": [ 88.482120024657263, 27.43684993990777 ] } },
{ "type": "Feature", "properties": { "Name": null, "Aspect": null, "Curvature": null, "Slope": null, "Elevation": null, "Geology": null, "Extent": null, "landslide": 0 }, "geometry": { "type": "Point", "coordinates": [ 88.606735130665342, 27.171548636463402 ] } },
{ "type": "Feature", "properties": { "Name": null, "Aspect": null, "Curvature": null, "Slope": null, "Elevation": null, "Geology": null, "Extent": null, "landslide": 0 }, "geometry": { "type": "Point", "coordinates": [ 88.124144459376069, 27.35872870474287 ] } },
{ "type": "Feature", "properties": { "Name": null, "Aspect": null, "Curvature": null, "Slope": null, "Elevation": null, "Geology": null, "Extent": null, "landslide": 0 }, "geometry": { "type": "Point", "coordinates": [ 88.841166023913644, 27.325641370876426 ] } },
{ "type": "Feature", "properties": { "Name": null, "Aspect": null, "Curvature": null, "Slope": null, "Elevation": null, "Geology": null, "Extent": null, "landslide": 0 }, "geometry": { "type": "Point", "coordinates": [ 88.386191330255002, 27.356703537993148 ] } },
{ "type": "Feature", "properties": { "Name": null, "Aspect": null, "Curvature": null, "Slope": null, "Elevation": null, "Geology": null, "Extent": null, "landslide": 0 }, "geometry": { "type": "Point", "coordinates": [ 88.443528573553991, 27.318953896372143 ] } },
{ "type": "Feature", "properties": { "Name": null, "Aspect": null, "Curvature": null, "Slope": null, "Elevation": null, "Geology": null, "Extent": null, "landslide": 0 }, "geometry": { "type": "Point", "coordinates": [ 88.840995357878313, 27.253586727642855 ] } },
{ "type": "Feature", "properties": { "Name": null, "Aspect": null, "Curvature": null, "Slope": null, "Elevation": null, "Geology": null, "Extent": null, "landslide": 0 }, "geometry": { "type": "Point", "coordinates": [ 88.144002188263684, 27.374013859503307 ] } },
{ "type": "Feature", "properties": { "Name": null, "Aspect": null, "Curvature": null, "Slope": null, "Elevation": null, "Geology": null, "Extent": null, "landslide": 0 }, "geometry": { "type": "Point", "coordinates": [ 88.735722168637679, 27.215263491436716 ] } },
{ "type": "Feature", "properties": { "Name": null, "Aspect": null, "Curvature": null, "Slope": null, "Elevation": null, "Geology": null, "Extent": null, "landslide": 0 }, "geometry": { "type": "Point", "coordinates": [ 88.163632642636486, 27.379076939043674 ] } },
{ "type": "Feature", "properties": { "Name": null, "Aspect": null, "Curvature": null, "Slope": null, "Elevation": null, "Geology": null, "Extent": null, "landslide": 0 }, "geometry": { "type": "Point", "coordinates": [ 88.58609449244797, 27.443689453923859 ] } },
{ "type": "Feature", "properties": { "Name": null, "Aspect": null, "Curvature": null, "Slope": null, "Elevation": null, "Geology": null, "Extent": null, "landslide": 0 }, "geometry": { "type": "Point", "coordinates": [ 88.673286001657729, 27.414514475015324 ] } },
{ "type": "Feature", "properties": { "Name": null, "Aspect": null, "Curvature": null, "Slope": null, "Elevation": null, "Geology": null, "Extent": null, "landslide": 0 }, "geometry": { "type": "Point", "coordinates": [ 88.686134129558283, 27.41563584760307 ] } },
{ "type": "Feature", "properties": { "Name": null, "Aspect": null, "Curvature": null, "Slope": null, "Elevation": null, "Geology": null, "Extent": null, "landslide": 0 }, "geometry": { "type": "Point", "coordinates": [ 88.881577367388232, 27.263136016582763 ] } },
{ "type": "Feature", "properties": { "Name": null, "Aspect": null, "Curvature": null, "Slope": null, "Elevation": null, "Geology": null, "Extent": null, "landslide": 0 }, "geometry": { "type": "Point", "coordinates": [ 88.373491312388452, 27.407489872950592 ] } },
{ "type": "Feature", "properties": { "Name": null, "Aspect": null, "Curvature": null, "Slope": null, "Elevation": null, "Geology": null, "Extent": null, "landslide": 0 }, "geometry": { "type": "Point", "coordinates": [ 88.348440389033783, 27.466470268022753 ] } },
{ "type": "Feature", "properties": { "Name": null, "Aspect": null, "Curvature": null, "Slope": null, "Elevation": null, "Geology": null, "Extent": null, "landslide": 0 }, "geometry": { "type": "Point", "coordinates": [ 88.772811782775321, 27.270787875260659 ] } },
{ "type": "Feature", "properties": { "Name": null, "Aspect": null, "Curvature": null, "Slope": null, "Elevation": null, "Geology": null, "Extent": null, "landslide": 0 }, "geometry": { "type": "Point", "coordinates": [ 88.686043633481603, 27.39573894089882 ] } },
{ "type": "Feature", "properties": { "Name": null, "Aspect": null, "Curvature": null, "Slope": null, "Elevation": null, "Geology": null, "Extent": null, "landslide": 0 }, "geometry": { "type": "Point", "coordinates": [ 88.152032389650216, 27.457500159823134 ] } },
{ "type": "Feature", "properties": { "Name": null, "Aspect": null, "Curvature": null, "Slope": null, "Elevation": null, "Geology": null, "Extent": null, "landslide": 0 }, "geometry": { "type": "Point", "coordinates": [ 88.483714225525603, 27.425404501894629 ] } },
{ "type": "Feature", "properties": { "Name": null, "Aspect": null, "Curvature": null, "Slope": null, "Elevation": null, "Geology": null, "Extent": null, "landslide": 0 }, "geometry": { "type": "Point", "coordinates": [ 88.331139666669145, 27.453228355850005 ] } },
{ "type": "Feature", "properties": { "Name": null, "Aspect": null, "Curvature": null, "Slope": null, "Elevation": null, "Geology": null, "Extent": null, "landslide": 0 }, "geometry": { "type": "Point", "coordinates": [ 88.330781168210194, 27.473986561711452 ] } },
{ "type": "Feature", "properties": { "Name": null, "Aspect": null, "Curvature": null, "Slope": null, "Elevation": null, "Geology": null, "Extent": null, "landslide": 0 }, "geometry": { "type": "Point", "coordinates": [ 88.849709976497692, 27.324753691448297 ] } },
{ "type": "Feature", "properties": { "Name": null, "Aspect": null, "Curvature": null, "Slope": null, "Elevation": null, "Geology": null, "Extent": null, "landslide": 0 }, "geometry": { "type": "Point", "coordinates": [ 88.586155555097335, 27.280430753590615 ] } },
{ "type": "Feature", "properties": { "Name": null, "Aspect": null, "Curvature": null, "Slope": null, "Elevation": null, "Geology": null, "Extent": null, "landslide": 0 }, "geometry": { "type": "Point", "coordinates": [ 88.306444302252487, 27.23773876745776 ] } },
{ "type": "Feature", "properties": { "Name": null, "Aspect": null, "Curvature": null, "Slope": null, "Elevation": null, "Geology": null, "Extent": null, "landslide": 0 }, "geometry": { "type": "Point", "coordinates": [ 88.621374333482279, 27.395680635880669 ] } },
{ "type": "Feature", "properties": { "Name": null, "Aspect": null, "Curvature": null, "Slope": null, "Elevation": null, "Geology": null, "Extent": null, "landslide": 0 }, "geometry": { "type": "Point", "coordinates": [ 88.719841782967336, 27.408672897777784 ] } },
{ "type": "Feature", "properties": { "Name": null, "Aspect": null, "Curvature": null, "Slope": null, "Elevation": null, "Geology": null, "Extent": null, "landslide": 0 }, "geometry": { "type": "Point", "coordinates": [ 88.43141217277784, 27.449258489225713 ] } },
{ "type": "Feature", "properties": { "Name": null, "Aspect": null, "Curvature": null, "Slope": null, "Elevation": null, "Geology": null, "Extent": null, "landslide": 0 }, "geometry": { "type": "Point", "coordinates": [ 88.353029285301758, 27.156770223288671 ] } },
{ "type": "Feature", "properties": { "Name": null, "Aspect": null, "Curvature": null, "Slope": null, "Elevation": null, "Geology": null, "Extent": null, "landslide": 0 }, "geometry": { "type": "Point", "coordinates": [ 88.184383699849334, 27.403553021201841 ] } },
{ "type": "Feature", "properties": { "Name": null, "Aspect": null, "Curvature": null, "Slope": null, "Elevation": null, "Geology": null, "Extent": null, "landslide": 0 }, "geometry": { "type": "Point", "coordinates": [ 88.135542312455271, 27.380918916257425 ] } },
{ "type": "Feature", "properties": { "Name": null, "Aspect": null, "Curvature": null, "Slope": null, "Elevation": null, "Geology": null, "Extent": null, "landslide": 0 }, "geometry": { "type": "Point", "coordinates": [ 88.126646970529734, 27.426998616363207 ] } },
{ "type": "Feature", "properties": { "Name": null, "Aspect": null, "Curvature": null, "Slope": null, "Elevation": null, "Geology": null, "Extent": null, "landslide": 0 }, "geometry": { "type": "Point", "coordinates": [ 88.37344635966717, 27.253072550184665 ] } },
{ "type": "Feature", "properties": { "Name": null, "Aspect": null, "Curvature": null, "Slope": null, "Elevation": null, "Geology": null, "Extent": null, "landslide": 0 }, "geometry": { "type": "Point", "coordinates": [ 88.373745608230351, 27.14379481854278 ] } },
{ "type": "Feature", "properties": { "Name": null, "Aspect": null, "Curvature": null, "Slope": null, "Elevation": null, "Geology": null, "Extent": null, "landslide": 0 }, "geometry": { "type": "Point", "coordinates": [ 88.706581440104458, 27.320854842169709 ] } },
{ "type": "Feature", "properties": { "Name": null, "Aspect": null, "Curvature": null, "Slope": null, "Elevation": null, "Geology": null, "Extent": null, "landslide": 0 }, "geometry": { "type": "Point", "coordinates": [ 88.417211386223556, 27.456500911441324 ] } },
{ "type": "Feature", "properties": { "Name": null, "Aspect": null, "Curvature": null, "Slope": null, "Elevation": null, "Geology": null, "Extent": null, "landslide": 0 }, "geometry": { "type": "Point", "coordinates": [ 88.162916579318576, 27.360995605182048 ] } },
{ "type": "Feature", "properties": { "Name": null, "Aspect": null, "Curvature": null, "Slope": null, "Elevation": null, "Geology": null, "Extent": null, "landslide": 0 }, "geometry": { "type": "Point", "coordinates": [ 88.68107686977109, 27.330663591038583 ] } },
{ "type": "Feature", "properties": { "Name": null, "Aspect": null, "Curvature": null, "Slope": null, "Elevation": null, "Geology": null, "Extent": null, "landslide": 0 }, "geometry": { "type": "Point", "coordinates": [ 88.857988907222776, 27.249088293694278 ] } },
{ "type": "Feature", "properties": { "Name": null, "Aspect": null, "Curvature": null, "Slope": null, "Elevation": null, "Geology": null, "Extent": null, "landslide": 0 }, "geometry": { "type": "Point", "coordinates": [ 88.302664718199793, 27.443251490944451 ] } },
{ "type": "Feature", "properties": { "Name": null, "Aspect": null, "Curvature": null, "Slope": null, "Elevation": null, "Geology": null, "Extent": null, "landslide": 0 }, "geometry": { "type": "Point", "coordinates": [ 88.251781990482883, 27.479727662646589 ] } },
{ "type": "Feature", "properties": { "Name": null, "Aspect": null, "Curvature": null, "Slope": null, "Elevation": null, "Geology": null, "Extent": null, "landslide": 0 }, "geometry": { "type": "Point", "coordinates": [ 88.102467870489406, 27.453559084264821 ] } },
{ "type": "Feature", "properties": { "Name": null, "Aspect": null, "Curvature": null, "Slope": null, "Elevation": null, "Geology": null, "Extent": null, "landslide": 0 }, "geometry": { "type": "Point", "coordinates": [ 88.503104411008394, 27.488558621798553 ] } },
{ "type": "Feature", "properties": { "Name": null, "Aspect": null, "Curvature": null, "Slope": null, "Elevation": null, "Geology": null, "Extent": null, "landslide": 0 }, "geometry": { "type": "Point", "coordinates": [ 88.864805641824731, 27.305398557737512 ] } },
{ "type": "Feature", "properties": { "Name": null, "Aspect": null, "Curvature": null, "Slope": null, "Elevation": null, "Geology": null, "Extent": null, "landslide": 0 }, "geometry": { "type": "Point", "coordinates": [ 88.585483358240211, 27.374545416774051 ] } },
{ "type": "Feature", "properties": { "Name": null, "Aspect": null, "Curvature": null, "Slope": null, "Elevation": null, "Geology": null, "Extent": null, "landslide": 0 }, "geometry": { "type": "Point", "coordinates": [ 88.440870532342743, 27.350163883742649 ] } },
{ "type": "Feature", "properties": { "Name": null, "Aspect": null, "Curvature": null, "Slope": null, "Elevation": null, "Geology": null, "Extent": null, "landslide": 0 }, "geometry": { "type": "Point", "coordinates": [ 88.549375160909094, 27.453115934913129 ] } },
{ "type": "Feature", "properties": { "Name": null, "Aspect": null, "Curvature": null, "Slope": null, "Elevation": null, "Geology": null, "Extent": null, "landslide": 0 }, "geometry": { "type": "Point", "coordinates": [ 88.441754334504481, 27.347329018213706 ] } },
{ "type": "Feature", "properties": { "Name": null, "Aspect": null, "Curvature": null, "Slope": null, "Elevation": null, "Geology": null, "Extent": null, "landslide": 0 }, "geometry": { "type": "Point", "coordinates": [ 88.447071197620645, 27.245751058169365 ] } },
{ "type": "Feature", "properties": { "Name": null, "Aspect": null, "Curvature": null, "Slope": null, "Elevation": null, "Geology": null, "Extent": null, "landslide": 0 }, "geometry": { "type": "Point", "coordinates": [ 88.641321702786925, 27.313147921237285 ] } },
{ "type": "Feature", "properties": { "Name": null, "Aspect": null, "Curvature": null, "Slope": null, "Elevation": null, "Geology": null, "Extent": null, "landslide": 0 }, "geometry": { "type": "Point", "coordinates": [ 88.322080353697572, 27.422212702789857 ] } },
{ "type": "Feature", "properties": { "Name": null, "Aspect": null, "Curvature": null, "Slope": null, "Elevation": null, "Geology": null, "Extent": null, "landslide": 0 }, "geometry": { "type": "Point", "coordinates": [ 88.628176986011127, 27.171180532656187 ] } },
{ "type": "Feature", "properties": { "Name": null, "Aspect": null, "Curvature": null, "Slope": null, "Elevation": null, "Geology": null, "Extent": null, "landslide": 0 }, "geometry": { "type": "Point", "coordinates": [ 88.570807126190573, 27.269110794900183 ] } },
{ "type": "Feature", "properties": { "Name": null, "Aspect": null, "Curvature": null, "Slope": null, "Elevation": null, "Geology": null, "Extent": null, "landslide": 0 }, "geometry": { "type": "Point", "coordinates": [ 88.377321576853987, 27.420444192483846 ] } },
{ "type": "Feature", "properties": { "Name": null, "Aspect": null, "Curvature": null, "Slope": null, "Elevation": null, "Geology": null, "Extent": null, "landslide": 0 }, "geometry": { "type": "Point", "coordinates": [ 88.554713078816491, 27.255076577765969 ] } },
{ "type": "Feature", "properties": { "Name": null, "Aspect": null, "Curvature": null, "Slope": null, "Elevation": null, "Geology": null, "Extent": null, "landslide": 0 }, "geometry": { "type": "Point", "coordinates": [ 88.756495378384813, 27.286099859557755 ] } },
{ "type": "Feature", "properties": { "Name": null, "Aspect": null, "Curvature": null, "Slope": null, "Elevation": null, "Geology": null, "Extent": null, "landslide": 0 }, "geometry": { "type": "Point", "coordinates": [ 88.406403527495996, 27.215741897408662 ] } },
{ "type": "Feature", "properties": { "Name": null, "Aspect": null, "Curvature": null, "Slope": null, "Elevation": null, "Geology": null, "Extent": null, "landslide": 0 }, "geometry": { "type": "Point", "coordinates": [ 88.113280689168391, 27.443418149381682 ] } },
{ "type": "Feature", "properties": { "Name": null, "Aspect": null, "Curvature": null, "Slope": null, "Elevation": null, "Geology": null, "Extent": null, "landslide": 0 }, "geometry": { "type": "Point", "coordinates": [ 88.764496762622997, 27.201773575894237 ] } },
{ "type": "Feature", "properties": { "Name": null, "Aspect": null, "Curvature": null, "Slope": null, "Elevation": null, "Geology": null, "Extent": null, "landslide": 0 }, "geometry": { "type": "Point", "coordinates": [ 88.435136602021743, 27.160556267186809 ] } },
{ "type": "Feature", "properties": { "Name": null, "Aspect": null, "Curvature": null, "Slope": null, "Elevation": null, "Geology": null, "Extent": null, "landslide": 0 }, "geometry": { "type": "Point", "coordinates": [ 88.852756864103185, 27.337169710802428 ] } },
{ "type": "Feature", "properties": { "Name": null, "Aspect": null, "Curvature": null, "Slope": null, "Elevation": null, "Geology": null, "Extent": null, "landslide": 0 }, "geometry": { "type": "Point", "coordinates": [ 88.254696011624844, 27.368759926513953 ] } },
{ "type": "Feature", "properties": { "Name": null, "Aspect": null, "Curvature": null, "Slope": null, "Elevation": null, "Geology": null, "Extent": null, "landslide": 0 }, "geometry": { "type": "Point", "coordinates": [ 88.574370084667748, 27.246207914294409 ] } },
{ "type": "Feature", "properties": { "Name": null, "Aspect": null, "Curvature": null, "Slope": null, "Elevation": null, "Geology": null, "Extent": null, "landslide": 0 }, "geometry": { "type": "Point", "coordinates": [ 88.159730641281058, 27.369532767152471 ] } },
{ "type": "Feature", "properties": { "Name": null, "Aspect": null, "Curvature": null, "Slope": null, "Elevation": null, "Geology": null, "Extent": null, "landslide": 0 }, "geometry": { "type": "Point", "coordinates": [ 88.495864701982512, 27.404672650056494 ] } },
{ "type": "Feature", "properties": { "Name": null, "Aspect": null, "Curvature": null, "Slope": null, "Elevation": null, "Geology": null, "Extent": null, "landslide": 0 }, "geometry": { "type": "Point", "coordinates": [ 88.496155201901828, 27.435060457576387 ] } },
{ "type": "Feature", "properties": { "Name": null, "Aspect": null, "Curvature": null, "Slope": null, "Elevation": null, "Geology": null, "Extent": null, "landslide": 0 }, "geometry": { "type": "Point", "coordinates": [ 88.520844681316618, 27.323964157618438 ] } },
{ "type": "Feature", "properties": { "Name": null, "Aspect": null, "Curvature": null, "Slope": null, "Elevation": null, "Geology": null, "Extent": null, "landslide": 0 }, "geometry": { "type": "Point", "coordinates": [ 88.787691062429445, 27.260891192797256 ] } },
{ "type": "Feature", "properties": { "Name": null, "Aspect": null, "Curvature": null, "Slope": null, "Elevation": null, "Geology": null, "Extent": null, "landslide": 0 }, "geometry": { "type": "Point", "coordinates": [ 88.688788513499205, 27.344627325575317 ] } },
{ "type": "Feature", "properties": { "Name": null, "Aspect": null, "Curvature": null, "Slope": null, "Elevation": null, "Geology": null, "Extent": null, "landslide": 0 }, "geometry": { "type": "Point", "coordinates": [ 88.35493778983853, 27.336699925481572 ] } },
{ "type": "Feature", "properties": { "Name": null, "Aspect": null, "Curvature": null, "Slope": null, "Elevation": null, "Geology": null, "Extent": null, "landslide": 0 }, "geometry": { "type": "Point", "coordinates": [ 88.388576869850397, 27.278356884431073 ] } },
{ "type": "Feature", "properties": { "Name": null, "Aspect": null, "Curvature": null, "Slope": null, "Elevation": null, "Geology": null, "Extent": null, "landslide": 0 }, "geometry": { "type": "Point", "coordinates": [ 88.810019034969883, 27.239589508820153 ] } },
{ "type": "Feature", "properties": { "Name": null, "Aspect": null, "Curvature": null, "Slope": null, "Elevation": null, "Geology": null, "Extent": null, "landslide": 0 }, "geometry": { "type": "Point", "coordinates": [ 88.490707936371024, 27.409041137099649 ] } },
{ "type": "Feature", "properties": { "Name": null, "Aspect": null, "Curvature": null, "Slope": null, "Elevation": null, "Geology": null, "Extent": null, "landslide": 0 }, "geometry": { "type": "Point", "coordinates": [ 88.392998135840244, 27.34856752630126 ] } },
{ "type": "Feature", "properties": { "Name": null, "Aspect": null, "Curvature": null, "Slope": null, "Elevation": null, "Geology": null, "Extent": null, "landslide": 0 }, "geometry": { "type": "Point", "coordinates": [ 88.188425669504753, 27.466341110456153 ] } },
{ "type": "Feature", "properties": { "Name": null, "Aspect": null, "Curvature": null, "Slope": null, "Elevation": null, "Geology": null, "Extent": null, "landslide": 0 }, "geometry": { "type": "Point", "coordinates": [ 88.470017050691027, 27.209318696839393 ] } }
]
}
